N,DH39,DH68,DH95,DH99,RH95,RH99,DZ68,DZ95,DZ99,RZ95,RZ99,AREA,A_N_DH39,A_N_DH68,E39,E90,E95,
4,0.449211819077099,0.797960582093855,1.7052650737368,4.08924422028623,2.13702921172142,5.12461932587699,1.79354583329313,9.78790518445992,23.5961327742673,5.45729303526542,13.1561359270883,9.89517170747252,5.5069631336738,3.10014427075693,0.11,0.51,0.55,
5,0.260541591379314,0.477724462506664,1.22860572690717,1.91773487561534,2.57178734465588,4.01431165059627,1.46349413364866,5.14590522421427,6.28937514559559,3.51617755472988,4.29750622225964,14.5705020569428,11.1847801188334,6.09996062604375,0.3,0.7,0.76,
6,0.249654756084036,0.459324773205974,0.722977108061243,1.00779059876622,1.57399981502204,2.19406976839523,0.815555858520455,4.24304417825698,6.88961058113681,5.20264079269141,8.44774825557091,18.5632295988827,12.3926002786519,6.73569504692579,0.34,0.8,0.85,
7,0.220882333745561,0.342727386530844,0.922490465735129,1.21453731828998,2.69161584976551,3.54374166180233,1.1370877075845,4.661223868732,7.01116966695452,4.09926502383336,6.16590050194831,18.3416384285124,11.8625786715671,7.64524273282799,0.34,0.82,0.92,
8,0.1830853537784,0.348936841751511,0.694391280520468,0.818487397889717,1.99001996187885,2.34566058941001,0.903551420736845,3.81651589214376,6.52576454674293,4.22390558473296,7.22234993711943,20.842466659179,14.2300204720403,7.46641804665812,0.41,0.92,0.95,
9,0.166492665539545,0.325392260762423,0.585147611735813,0.989897271132982,1.79828374026094,3.04216599624578,1.00706168433057,3.05705989439609,4.1968143623864,3.03562328103886,4.16738560078986,21.699817675033,14.4816640719153,7.40979778416378,0.26,0.82,0.9,
10,0.163523749035783,0.259387329576314,0.581718730634762,0.816633326828722,2.24266440301825,3.14831618091223,0.633955043938954,2.8798385831843,5.602938572743,4.54265426344902,8.83806923899564,24.084139082491,14.728220961483,9.28500984293654,0.43,0.91,0.94,
11,0.131071534828671,0.240795294628314,0.567424062042737,0.734625448139366,2.3564582643469,3.05082974845217,0.468025483916056,2.65899175663464,4.39381878776327,5.68129695499989,9.38799048077334,25.1576389725863,17.4489303982474,9.49793513177733,0.43,0.88,0.93,
12,0.155664721434659,0.239402480689911,0.501437670234772,0.614882801886217,2.09453832220003,2.56840614230164,1.05596302142426,2.98765294628545,4.48261993676688,2.82931588101993,4.24505389471008,24.7530626579717,13.251269796307,8.61626502596458,0.33,0.88,0.95,
13,0.120097280055572,0.222950512608006,0.441436822162957,0.619229955271153,1.97997670872861,2.77743230113084,0.829470241001182,2.73026452531192,4.79089795018034,3.29157622582873,5.77585272305569,23.0983709735711,14.7946545198659,7.96947154959791,0.44,0.9,0.97,
14,0.0950470012748861,0.19796263107928,0.391616329836375,0.468544005198275,1.97823360753142,2.36683056112056,0.483564747322672,2.75218287384024,3.0605002762562,5.6914464693262,6.32903927178546,23.2039766119983,17.4379715154144,8.37242307712741,0.35,0.89,0.97,
15,0.0956477116381279,0.159376414905736,0.342484643366928,0.460484977008491,2.14890417487112,2.88929185212785,0.959623350270316,2.90058694919995,4.1809237730164,3.02263064814219,4.35683830727824,25.2498508572598,17.5992019218677,10.5619353495911,0.46,0.93,0.97,
16,0.103573630909041,0.194777507194195,0.398954780784095,0.607890720138104,2.04825899320261,3.12094927640711,0.940363013133778,2.59636848660635,2.93683069465913,2.76102786939046,3.12308188820835,24.0347863972047,14.5034420116498,7.71225677679309,0.33,0.84,0.93,
17,0.0772810789050551,0.141523887988044,0.336377699673221,0.537083677190294,2.3768263044161,3.7950036903711,0.833568723813173,2.63493406726603,4.60109961245693,3.16102798964491,5.51976037609609,24.8072196661864,18.8823478700499,10.3109675433825,0.45,0.89,0.93,
18,0.0787010170266352,0.151647549707962,0.26870628305773,0.462694132710511,1.77191312075398,3.05111512583983,0.487396979396038,2.01907932516677,2.74158221227605,4.14257660699648,5.62494707224757,24.4239019773836,17.240989944625,8.94761205044869,0.43,0.95,0.95,
19,0.075284812102971,0.145472148506093,0.291515991564963,0.42333959658673,2.00392992444704,2.91010754246885,0.54868700564213,1.63248296906477,2.65291919138018,2.97525356401373,4.83503192913318,25.134264040493,17.5713529087629,9.0935345062,0.41,0.88,0.94,
20,0.0635098945137992,0.111305715570738,0.234162772066199,0.32058756469301,2.10378030333386,2.88024350815361,0.564333360620559,1.68786433225796,2.54087419142545,2.99089944000817,4.50243485274631,25.6440600777131,20.1890274531485,11.5196510557518,0.47,0.94,0.98,
21,0.062227399692823,0.118246882081344,0.280999527291806,0.313194849415408,2.3763800139652,2.64865207354859,0.449580841619684,2.06330763212509,2.98475217989045,4.58940293072033,6.63896657414809,25.1675196900858,19.2592543556619,10.1351790210509,0.43,0.89,0.93,
22,0.0657553624916561,0.131556868476039,0.264955556192896,0.389695419903142,2.01400017545381,2.96218224420657,0.692294924523871,1.90384932722634,3.3314831060758,2.75005530126589,4.81223101320156,25.6418408573729,17.7253713860611,8.85957711133843,0.3,0.87,0.91,
23,0.0700801125848981,0.123890622852376,0.211503080657786,0.298529196511971,1.7071758603539,2.40961898196031,0.745103885274981,2.19697623017623,2.44486938075805,2.94855022714777,3.28124631890191,26.4079728635906,16.3837170182717,9.26763226114146,0.42,0.93,0.97,
24,0.0551194020957951,0.133923748039024,0.216322573931071,0.357144280393804,1.61526672527143,2.66677333649395,0.550960584657409,1.87787710032043,2.49399368485698,3.40836922388578,4.52662813694333,25.3927121956714,19.1952313448689,7.90023942961439,0.39,0.89,0.92,
25,0.0707444468815142,0.123682014004655,0.277650173368223,0.338455382501344,2.2448710558495,2.73649637115875,0.51493095009589,2.01132890481927,2.69831365199112,3.90601672796075,5.24014657011517,25.3702084766613,14.344706670279,8.20497909282313,0.29,0.86,0.91,
26,0.0601158042435281,0.111148410534841,0.217784973597844,0.321285989568534,1.95940699961316,2.8906035454985,0.631281718363332,1.56307518975832,2.39312494966154,2.47603430337056,3.79089854822025,25.7468753499943,16.4726139656504,8.90938909313356,0.37,0.88,0.95,
27,0.0501194675891251,0.123914288152165,0.227000039865802,0.307532765288922,1.83191174521415,2.48181843978538,0.57331691120536,1.43049775110701,2.07130305542407,2.49512568554708,3.61284137087339,25.8589273787349,19.1091026527996,7.7290364601713,0.39,0.9,0.94,
28,0.0471892525132502,0.0996877261201784,0.189262486281858,0.240980574439606,1.89855354964856,2.41735451111697,0.451454738069504,1.53931006537866,1.92029158279588,3.40966643070578,4.25356391430815,25.206809550926,19.0772930339293,9.03063228829266,0.41,0.95,0.99,
29,0.0438350572806903,0.0782173354518101,0.181566737973757,0.218294892682567,2.32131070337497,2.79087610721614,0.616452322741979,1.91658602460362,3.01450030351974,3.10905799831956,4.89007858728027,26.3778580384667,20.7500883561511,11.6288966687143,0.48,0.92,0.97,
30,0.05101250974589,0.111860771184309,0.250044179929326,0.330139382211311,2.23531607445596,2.95134191116341,0.367981710609988,1.65224092657633,2.30140974619878,4.49000827741541,6.25414165933363,26.1554675497469,17.090884621593,7.79405424345217,0.38,0.86,0.88,
31,0.0463849404759367,0.0792708814212101,0.140758671109637,0.184596063211134,1.77566678439853,2.32867428621455,0.685235918953089,1.64734404784802,2.46575440386421,2.40405384814744,3.59840214977553,26.0871434531792,18.1421113818337,10.6157613169797,0.43,0.92,0.95,
32,0.0544461941173759,0.0930461858606616,0.199237838708774,0.258451559814886,2.14127894513738,2.77766957800852,0.754109774893591,2.12253787975651,2.59522128698841,2.81462719410581,3.4414370074365,25.5252169690127,14.6504827970534,8.572764406229,0.42,0.89,0.92,
33,0.0382176216070163,0.0865179531031496,0.186190191377256,0.292967624551885,2.15204110475515,3.38620614616944,0.469116675596307,1.56056943171716,2.25109666986248,3.32661257401152,4.79858591042634,26.134905027521,20.7225563945191,9.15378589772667,0.37,0.87,0.94,
34,0.0355987659259048,0.0719613791574112,0.125070864512186,0.188035031103647,1.73802761949018,2.6129992685706,0.547825052503001,1.22549796670408,2.13390152587177,2.23702432209846,3.89522442634198,26.6639259769168,22.0297838020689,10.8979723033473,0.43,0.9,0.97,
35,0.0459854489249198,0.0775264185606097,0.175998471981097,0.261490297591914,2.27017415803237,3.37291857984491,0.349593957935967,1.33326886684522,2.4662312287302,3.81376404419846,7.05455907559457,26.1957212617296,16.2757828053076,9.65411781948145,0.49,0.88,0.95,
36,0.0391532194059907,0.069091195068129,0.149361790157407,0.17722250808673,2.16180643582913,2.56505199992526,0.423365063840269,1.35758852740421,2.73652301389526,3.20666168126809,6.46374310877885,25.7688395752182,18.2820496033615,10.3602361864748,0.49,0.95,0.97,
37,0.0385224168763689,0.0782328627711713,0.167797544595938,0.225836679298368,2.14484730140505,2.88672395843334,0.608677912849512,1.73093156942292,2.41017647594944,2.84375616870933,3.9596910370318,25.9286756579062,18.191356477717,8.95755304047856,0.41,0.9,0.94,
38,0.040315891067531,0.0771566112061969,0.160950461199484,0.233118625233249,2.08602294324919,3.02136941460858,0.264742248997648,1.45274689610796,1.8107176758832,5.48740105369758,6.83954934559496,26.6840917286308,17.4177705523335,9.10113766337533,0.4,0.88,0.92,
39,0.035442025519635,0.0658919619369223,0.125840488707554,0.161110047201845,1.90980030049826,2.44506374474134,0.37502502321169,1.50171245178619,1.97139924226569,4.0042993369499,5.25671387307106,25.2621967268759,18.2762871062096,9.83046512778814,0.44,0.94,0.99,
40,0.0349345602646053,0.0680898743852435,0.153948139470825,0.219733287645471,2.26095496372642,3.22710666790556,0.378061642141459,1.39017126230497,1.98719511250906,3.67710211073148,5.2562727634916,26.5823594351716,19.0229669658273,9.76002661011392,0.49,0.92,0.93,
41,0.035370798795023,0.0729315228021359,0.108734495781343,0.177658577449315,1.49091218177826,2.43596418425685,0.505827557036103,1.37527545107767,1.68174110931194,2.71886225245635,3.32473208689164,26.8898693494687,18.542144771425,8.99268857607144,0.32,0.95,0.98,
42,0.0410413665979244,0.0615351750867431,0.102404467652903,0.138693555628191,1.66416147363761,2.25389064762848,0.379923445823052,1.46789635947738,2.02747478830637,3.86366352383803,5.33653505883039,27.0265600895184,15.6790472462839,10.4572632650158,0.39,0.94,0.97,
43,0.0264664522403053,0.0640574680608824,0.122317968929579,0.139904639498966,1.90950364777646,2.18404885072878,0.51229402441073,1.31918274086352,1.6351066706322,2.57505002597077,3.19173480993262,25.7381696269515,22.6158791103921,9.34414210344399,0.39,0.92,0.96,
44,0.0283262310331644,0.0637477581924186,0.131561367998432,0.168647801161049,2.06378030740034,2.64554873681982,0.471860336366765,1.45406892807117,2.12670269166336,3.08156633648682,4.50705966947458,26.6725275312752,21.4004399956793,9.50925686985298,0.45,0.91,0.94,
45,0.0304655483905951,0.0596102893908374,0.136511912455582,0.198409069509586,2.29007296979446,3.32843660947036,0.344437380058687,1.56278582524983,1.92485742203261,4.53721319382802,5.58841035692653,26.5550076529156,19.3697902171383,9.8994869376797,0.45,0.88,0.95,
46,0.0330220726514524,0.0569783826146659,0.131277446634419,0.190136119685049,2.30398689134832,3.33698695821016,0.331346644970266,1.38269046595945,1.91012075300783,4.17294240623299,5.76472036763565,26.9351949258001,17.7320097971655,10.276664392849,0.42,0.86,0.94,
47,0.0309846095041704,0.0679201036639841,0.135814592128736,0.180678325429424,1.99962286277773,2.66015974185316,0.473352952485858,1.22800111538318,2.09812982181627,2.5942610243249,4.43248491595487,26.7800116063875,18.3893710492068,8.38908438370227,0.44,0.88,0.94,
48,0.0253980264354263,0.0562803442705258,0.120550726327122,0.170463939916469,2.14196853074786,3.02883612610987,0.46598794907099,1.27332618423024,1.93357003306839,2.73253028703594,4.14939922142456,26.2694346642918,21.5481265928617,9.72417450413546,0.43,0.88,0.95,
49,0.0333720882956383,0.0583493001197932,0.118864371811723,0.1766629894077,2.0371173530392,3.02767966445192,0.274346547727046,1.17220398466351,1.72448484495108,4.27271272183007,6.28579021401358,27.0576941672757,16.5466972056602,9.46365833034505,0.41,0.86,0.89,
50,0.0359146166985676,0.0654160800038096,0.101227699539496,0.135585152283342,1.547443679499,2.0726578583652,0.492383364896835,1.38293647586833,2.36623182156988,2.8086579979364,4.80566970832912,26.8481299413472,14.9510881136137,8.20841907365397,0.36,0.86,0.94,
51,0.0306126812746349,0.0566526567180773,0.0948217194908041,0.157934415643314,1.67373826725671,2.78776715502062,0.406880177020097,1.16194235069378,1.51761442975664,2.85573595451023,3.72988047948495,27.2304007223611,17.4414459530225,9.42461407565865,0.38,0.9,0.95,
52,0.0245691612061098,0.0548141225207459,0.122640501381937,0.162602979126735,2.23738875570836,2.96644316553994,0.394298908374298,1.3402249826116,1.92363451243601,3.39900759080813,4.87861992914763,27.084073310629,21.1992407594452,9.50206880478316,0.42,0.84,0.9,
53,0.03250968041329,0.055024965842311,0.109384657483345,0.163778078545544,1.98790959356188,2.9764321710784,0.545618460238883,1.22941988268051,1.94416222740298,2.25325932363477,3.56322663011032,27.2865759527167,15.8365461969035,9.35649932408959,0.36,0.91,0.94,
54,0.0258926223079024,0.0499494852421213,0.110738348097918,0.142428208591908,2.21700679318582,2.85144497288636,0.451840773498743,1.12020829914345,1.36133578471178,2.47921029894963,3.01286617887654,27.1882339961739,19.4451457545224,10.0798999690067,0.35,0.92,0.96,
55,0.0261384097602426,0.0570209898743206,0.115991122192236,0.170720814619358,2.03418289384121,2.99399949028668,0.374926949233893,1.04005883024694,1.47981380050225,2.77403060082009,3.94693900645453,26.9385863068267,18.7384191616328,8.58968740082357,0.45,0.8,0.9,
56,0.0238909936509658,0.0517964513413043,0.091508314170038,0.121835886561474,1.76669080217598,2.35220528446352,0.372538878604632,1.22976501987839,1.79852403434119,3.3010380674483,4.82774855896295,26.711110563127,19.9650179547645,9.20881845854047,0.44,0.94,0.97,
57,0.0236162149229564,0.0487879244475705,0.0838267703467645,0.112186608193955,1.7181868525038,2.29947491032367,0.286529247981129,1.14061982474359,1.9158902621391,3.98081463857648,6.68654343540274,26.33136542015,19.5608729344613,9.46860897510228,0.44,0.9,0.94,
58,0.0243205421615101,0.0397864098069385,0.0930726443997902,0.14669704306925,2.33930743817852,3.68711436344947,0.242546303726437,1.15086581572877,1.97208080046882,4.74493240279105,8.13073945127233,26.4769857067615,18.77013063826,11.4737609093154,0.46,0.91,0.94,
59,0.0236503996179327,0.0488343252792211,0.0817821333718147,0.141953437501387,1.67468543702011,2.90683728483473,0.422665361878145,1.26698862996506,1.51967915663249,2.99761642244612,3.59546651724589,26.3471342240959,18.8817780770171,9.14442033273236,0.43,0.89,0.93,
60,0.0186597989396001,0.03838215962411,0.0867593118564306,0.101657177715797,2.26040724925578,2.64855283578,0.318394732810532,1.24055588616265,1.78215929770615,3.8962826903951,5.5973265699928,26.4144779891546,23.5930355543627,11.4699460408346,0.49,0.93,0.99,
61,0.0236379663437745,0.0468433172976331,0.0920752077524353,0.122637334520806,1.96559964289907,2.61803265856671,0.372536091817028,1.19296237350963,1.6285326327483,3.20227328227719,4.37147612948106,27.4655584645177,19.0479608206209,9.61193789787646,0.39,0.94,0.96,
62,0.0267397546641293,0.0492451953945268,0.114082884212794,0.141745617779753,2.31662974019742,2.87836440985077,0.382841924785384,1.05308903639338,1.44927149844687,2.7507150294047,3.7855611013849,27.307414416271,16.4714363888766,8.94386070510593,0.45,0.82,0.88,
63,0.0279893779297753,0.0529110681621454,0.112042377122155,0.156119258228823,2.11756029530159,2.95059736368196,0.465249282142327,1.11113531283313,1.50314534112435,2.38825798444374,3.23083860377566,27.7012432031975,15.709612202523,8.31021350238411,0.4,0.87,0.91,
64,0.0226788837402357,0.0448081199493649,0.0933887623160564,0.128319380870674,2.08419282981722,2.86375284246873,0.383038774909248,1.19348639724017,1.41579908076577,3.1158370259589,3.69622913790181,26.3883234938168,18.180681170801,9.2018490188123,0.37,0.87,0.92,
65,0.0220611211977013,0.043330846356646,0.0910590741435429,0.141136694677503,2.10148385734396,3.25718758216352,0.33832173867601,1.46097877892588,2.47952881625075,4.31831186681436,7.32890776086144,26.808398427052,18.695192106587,9.51832086276489,0.44,0.9,0.92,
66,0.0172739805457596,0.0396552576030486,0.0858005587114579,0.137552102615717,2.16366161507073,3.46869774476367,0.427888164594976,1.20822615864825,1.51139803901288,2.82369613983578,3.53222679211872,27.682345118592,24.2809970974976,10.5768943854137,0.41,0.91,0.94,
67,0.0181588138440542,0.0431403264634781,0.0944353412875302,0.122324276679395,2.18902704335067,2.8354972413793,0.428051812062536,0.918442253514766,1.30117415584624,2.14563337342113,3.0397585506685,27.1966863847884,22.3539211204143,9.40930970130513,0.32,0.85,0.93,
68,0.0193722060545682,0.0410622950461264,0.0930106639414573,0.15340799752899,2.26511118867019,3.73598205742428,0.58136245903887,1.14495033376543,1.64261016699903,1.96942598539697,2.82544932418693,26.5170078527197,20.1296639492515,9.49669270546288,0.43,0.87,0.92,
69,0.0171849690953372,0.0349576945700589,0.0752700629293103,0.127736300520746,2.15317582738362,3.65402530377823,0.195264255896887,0.968208776925512,1.27571388387891,4.9584537245608,6.53326886694803,26.9451918959429,22.7239295753747,11.1709319587655,0.5,0.94,0.96,
70,0.0171066875868558,0.032606314329638,0.0694302107192794,0.0926362374596548,2.12934862914481,2.84105208957799,0.497750480483579,1.3104217641315,1.67216740287208,2.63268809476264,3.35944909836656,26.6390690561601,22.2461611835434,11.6713016235571,0.45,0.91,0.94,
71,0.0198419693904742,0.033651712238186,0.0829119647559961,0.143034312938533,2.46382603563074,4.25043195205462,0.225964046916315,1.33508510873702,1.66371652909399,5.90839616725162,7.36274886115018,26.4809029042326,18.7970486245661,11.0832536781493,0.51,0.89,0.93,
72,0.0195513620533564,0.0386717756284108,0.0792344755726146,0.119232116324241,2.04889675441755,3.08318183964239,0.210300382526477,0.90369415218012,1.49729413942618,4.29715886068987,7.11978799771167,26.946875001392,19.142510469385,9.67791488017822,0.45,0.89,0.91,
73,0.0233976520839955,0.039520740974779,0.0741856337504547,0.0890451459166116,1.87713165089181,2.25312440304289,0.39411447117666,1.15986346821778,1.51442634854558,2.94296087315676,3.84260528171966,27.4359345928019,16.0629245661115,9.5098095627607,0.38,0.91,0.97,
74,0.0200315356488181,0.0374855188290918,0.0721629175433823,0.103425016982328,1.92508786852853,2.75906590632706,0.333079570157516,1.24435834448462,1.79933912100724,3.73591914957784,5.40212994797704,26.4821301095957,17.8651616818883,9.54679658388272,0.42,0.93,0.97,
75,0.016236444127663,0.0333019303138824,0.089243549898234,0.136822963788702,2.67983114063005,4.10855954892397,0.233254065954255,0.942347900384282,1.68585849022586,4.04000631898563,7.22756314377169,27.2050580577444,22.3407357291108,10.8922847419863,0.53,0.89,0.94,
76,0.0221909751908755,0.0366216409348238,0.0746502965232469,0.111997766641671,2.03842030607267,3.05823998550462,0.318729755429351,0.918795230859177,1.36936314265301,2.8826779276428,4.29631410097994,27.5504257753505,16.3357220306523,9.89867174309316,0.36,0.84,0.93,
77,0.0141565581807046,0.031213940318396,0.0709514584344801,0.0977101193450449,2.27306958720187,3.13033594440043,0.464169362203117,0.98766079072016,1.36013887145966,2.12780263228138,2.93026421434614,27.4278891961837,25.1619319223157,11.4117714573594,0.47,0.91,0.92,
78,0.0112721364490405,0.0343231943949808,0.0700090757454335,0.109636126418261,2.03970163557012,3.19422851954284,0.320624259307148,1.19859425893384,1.4601356282005,3.73831431696385,4.55403977027743,27.1843922598024,30.9185264976377,10.1540038923537,0.44,0.92,0.96,
79,0.0183448253576821,0.0365703749702822,0.0661895312882276,0.0984607619871506,1.80992213894483,2.6923640259954,0.36966395507091,0.888078719203176,1.18933098120826,2.40239468041406,3.21733013157888,26.9764096824065,18.6141614120426,9.33743612312191,0.49,0.86,0.89,
80,0.0149695208129478,0.0321612414308495,0.0815865685734081,0.102315177645956,2.53679786425001,3.18131928663094,0.301326875673203,1.06956666869082,1.57583958740219,3.549522976672,5.22966822617984,26.6558570257658,22.2584421362289,10.3602410229869,0.38,0.9,0.93,
81,0.0164067605960969,0.0349754818738698,0.0731962835908176,0.120979161743207,2.09278842403891,3.45897054912604,0.418686295433075,0.953394167020184,1.26607757428843,2.27710860713515,3.02392886535452,26.8130083827124,20.1761214780601,9.46448131985882,0.46,0.9,0.93,
82,0.0161367484069853,0.0346067826538918,0.0741153905712747,0.103043624150263,2.1416434839527,2.97755573468991,0.245034654950344,0.97638385885315,1.38336406018068,3.98467661258369,5.64558535796098,27.2772439258295,20.614395650158,9.61225779048961,0.44,0.88,0.93,
83,0.0121212382193376,0.0284851857414342,0.0512605776572555,0.0958466044344379,1.79955216450256,3.36478776387337,0.250610906450358,1.14506360977455,1.55743664443264,4.56908929460885,6.21456051730591,27.8063553265165,27.6387876529537,11.7610723088187,0.54,0.95,0.96,
84,0.0159099233752379,0.0326308597748359,0.0750635349929632,0.104238383829372,2.30038483542656,3.19447248857836,0.426548983026743,0.865241743065098,1.25849531735246,2.02846982994882,2.95041218577599,27.0718376718452,20.2567777484888,9.87665614793939,0.46,0.86,0.92,
85,0.0186893314319842,0.0341481396959477,0.0698469439900787,0.110475563053786,2.04540992897389,3.23518540211712,0.263918069097628,0.849941817880271,1.58661920038742,3.2204760393494,6.01178693756093,27.2994168515616,17.1846494984157,9.40518613541001,0.39,0.85,0.91,
86,0.0148055290668323,0.030257958414396,0.0609194709644426,0.0974502294462957,2.01333712374522,3.22064787424426,0.290537399807492,1.00185955994697,1.51583043674152,3.44829808696159,5.21733325122997,27.1036239044207,21.2865353254609,10.4157198306981,0.42,0.92,0.95,
87,0.0189250795221119,0.0316122788434062,0.0579521364550889,0.0739342604839486,1.83321603425552,2.33878300423033,0.41362898200798,1.09525987067999,1.46124561059572,2.64792826015963,3.53274474023082,27.5692083080152,16.7443128281717,10.024188809228,0.48,0.92,0.96,
88,0.01591729639398,0.0365418985318257,0.0665299172153632,0.0801686440640397,1.82064752758863,2.19388283819512,0.244488842096442,1.21439832245758,1.57995751695917,4.9670909806941,6.46228884480518,27.7085560466547,19.7816229139709,8.6166829783458,0.45,0.85,0.94,
89,0.018097888284728,0.032952487019304,0.0562760375969985,0.0623879069611422,1.70779333177588,1.89326853917261,0.248471002487086,0.948764659705818,1.19959752309674,3.81841200868149,4.8279175883274,26.6446121041434,16.5421323958624,9.08513108331153,0.47,0.95,0.97,
90,0.013774572868353,0.0328112275831675,0.0683354182008335,0.0778673111728233,2.08268398454833,2.37319103576515,0.265285831806136,0.931948454692723,1.21655919826937,3.51299746521619,4.58584308851595,27.6279319723056,22.2857742921223,9.35585299685616,0.46,0.93,0.95,
91,0.0137901500903865,0.0324930007733511,0.0734346864570031,0.0984354677432618,2.26001553285993,3.02943604470021,0.291752554149812,1.13026669641934,1.62451772527668,3.87405930245587,5.56813540162705,26.9382395614416,21.466380614063,9.11041158156358,0.43,0.91,0.93,
92,0.0195949597155776,0.0310222441121329,0.0718829276052878,0.100692997559371,2.31714144681023,3.24583215822189,0.233204868951116,0.979306471295831,1.53123300488621,4.19933972948529,6.56604217473345,26.974997329494,14.9633628733004,9.45149202140463,0.35,0.85,0.94,
93,0.013458615066156,0.0259215204499454,0.0499267724585317,0.0727354389107038,1.92607422681631,2.80598659523682,0.392818785588535,0.987410769998996,1.48912262738952,2.51365465762953,3.79086408802589,27.5244591609635,21.9905187128964,11.4176144502587,0.45,0.91,0.98,
94,0.0150394043065173,0.0271776158118693,0.0475044363646308,0.0646942556143826,1.74792508266616,2.38042424553403,0.305756777476232,1.0045477052336,1.61172194345954,3.28544705868928,5.27125500459211,28.0090866711184,19.8125538130811,10.9637655194693,0.46,0.87,0.95,
95,0.011001815537279,0.0253392416397167,0.0447091929315508,0.0527649077988754,1.76442505925172,2.08233965913848,0.423566927240676,1.00208808371699,1.24561744266082,2.3658317476416,2.94078069497869,27.3765678511161,26.1933494027726,11.3726528413983,0.49,0.94,0.97,
96,0.0164893404521867,0.0308816362063633,0.0600521247030947,0.0694166435729369,1.94459012151437,2.24782919885033,0.332533003917993,0.928850609342939,1.41851453301716,2.79325840863605,4.26578570037812,27.4694379406947,17.35302751366,9.26570006319622,0.45,0.85,0.94,
97,0.0152444200312809,0.0281954088695435,0.0522374906672593,0.0637239470636106,1.85269491600407,2.26008238995409,0.306923509922103,0.864791899127249,1.14665583564296,2.81761374143914,3.73596612372242,27.0861283655989,18.3174195007594,9.90368460520476,0.43,0.92,0.95,
98,0.0156762588031968,0.0302158351030247,0.063878655363534,0.0895948293247235,2.11407876518162,2.96516144661363,0.203671961113883,0.837159363537164,1.38356343600958,4.11033192275822,6.79309723558838,27.7462871914351,18.0607747715101,9.37009943756604,0.4,0.89,0.92,
99,0.0142060255562195,0.0258114077158108,0.0610311201861551,0.0793269616561314,2.36450180703513,3.07332953434925,0.328562992124652,1.003534067442,1.42127463868873,3.05431254126537,4.32572953362174,26.965155625448,19.173223944308,10.5525166370959,0.46,0.89,0.94,
100,0.0162740666798086,0.0298755820686694,0.0802818436989494,0.0972604071663536,2.68720601039406,3.25551505382554,0.347462839748549,1.06316808783327,1.58819531811952,3.05980371484519,4.57083502589474,27.2861939616538,16.7666720915603,9.13327609783003,0.36,0.79,0.91,
105,0.0127554069389866,0.0256319874005699,0.0558283963119636,0.0666264482778502,2.17807520889786,2.59934773049899,0.368657596161447,0.833861280452826,1.15215523245936,2.26188552503785,3.12527191750795,27.2432450614806,20.3411367443695,10.1224876838944,0.41,0.88,0.96,
110,0.0101473887953263,0.0237859991444399,0.0480044582884161,0.0902573849430707,2.01818128374218,3.79455932857749,0.348360530115792,0.872242559350462,1.17997910712153,2.50385013210462,3.38723536426274,27.1789088618781,24.3492187632781,10.387664951682,0.46,0.92,0.96,
115,0.0110399646480156,0.0185196766495957,0.0436553331362855,0.0693504608880236,2.35724056970717,3.74469069844897,0.293460761697877,0.873967718042606,1.33601474763362,2.97814165337161,4.55261800556857,27.0310643942834,21.2910766798138,12.6920538792704,0.47,0.96,0.98,
120,0.00898792709214574,0.0190484472557779,0.0420205785552768,0.0718862992714112,2.20598445589999,3.773866620525,0.369679851949667,0.988305626853828,1.35371209482393,2.67340949646449,3.66184980783925,27.4340343295695,25.43600436481,12.001868166817,0.48,0.92,0.98,
125,0.00962720868783726,0.0189844183994665,0.0492641546545693,0.0621147692270944,2.59497834581826,3.27188159890323,0.210749354857445,0.93095136772313,1.16146877125346,4.41733911049381,5.51113796784386,27.5902265208363,22.9268752058469,11.6264721690338,0.49,0.91,0.96,
130,0.0131414485722098,0.0219560787053039,0.0476380323121804,0.0703156855799941,2.16969673645197,3.20256119153955,0.262348920647068,0.751601444069055,1.13490006275738,2.86489245778208,4.32591855136366,27.4708693570938,16.0799913730073,9.62441347137753,0.41,0.92,0.94,
135,0.00953495824599415,0.0226325148900435,0.0524303104376056,0.0689795728290696,2.31659233153408,3.04780856940538,0.282152525870506,0.799542461721037,0.900152661846835,2.83372427467825,3.19030516941025,27.3332792133923,21.2343598881599,8.94592297399028,0.42,0.84,0.9,
140,0.00884222041970463,0.0217416372863886,0.0455468514359077,0.0583027638230315,2.09491359072678,2.68161790462451,0.288537325230615,0.752844235412025,0.957101818422781,2.60917451428619,3.31708148211956,27.345060161032,22.0896843803867,8.98376951653807,0.4,0.9,0.94,
145,0.0114196201761774,0.0198021925327059,0.0416316351573752,0.0614836960924697,2.10237503188675,3.1048933592036,0.204266324935251,0.692041090864655,0.983125527303057,3.38793529028351,4.81295939315837,27.433043648229,16.5673990510843,9.55416447739648,0.4,0.88,0.92,
150,0.0118765270421545,0.0218102496720606,0.0407904238135974,0.05216190921734,1.87024103010846,2.39162366326143,0.260313890962949,0.830191143341247,1.18214978369112,3.18919263305626,4.54124741218431,27.6475644098146,15.5194439764433,8.45093929857872,0.31,0.84,0.93,
155,0.00953263980438938,0.0209511572748481,0.0399753526301291,0.0474765687122057,1.90802599139092,2.26605948728195,0.328382825119197,0.775051967338444,0.89690550395795,2.36020859817231,2.73128018687454,27.6914854471071,18.7413715912965,8.52720174243171,0.41,0.87,0.94,
160,0.0100562795914492,0.0197923018239115,0.0381950926138621,0.0528729366003538,1.92979537972273,2.67138896075629,0.160682183668664,0.616872164490742,0.797879747708838,3.83908253178067,4.96557695129481,27.109322853194,16.8485040905715,8.56056406879196,0.44,0.86,0.89,
165,0.0122836052528499,0.0209557205296955,0.0420174748189322,0.0602999146743138,2.00505989566863,2.87749183278453,0.274845937520278,0.806513818627858,1.01527645825979,2.93442146500111,3.69398386390516,27.6059730253912,13.6205066820913,7.98392625963525,0.32,0.87,0.93,
170,0.0098030138174143,0.0163771290681477,0.0338979639562137,0.0492308765461193,2.06983555024566,3.00607489513346,0.220865517280728,0.621931580182626,0.922697597854245,2.81588356498461,4.17764442912772,27.0129133418185,16.2092488295506,9.70252414722913,0.4,0.9,0.93,
175,0.00925329408618323,0.0152081803455668,0.0356321003720893,0.0521212352435315,2.34295619610245,3.42718419029828,0.276493087814947,0.650488020090478,1.01016993195219,2.35263754776337,3.65350880897351,27.4819054413339,16.9711951443597,10.3259861532706,0.44,0.89,0.92,
180,0.00937319103445794,0.0162700427683353,0.042062387163176,0.058198015164421,2.58526592474838,3.57700443650251,0.207763654087457,0.569638898507814,1.01961328567139,2.74176395775186,4.90756330865356,27.5285988496542,16.3163921138092,9.3998929476388,0.37,0.87,0.89,
185,0.00906633079115076,0.0150500040436711,0.0269735843562157,0.0333081825203938,1.79226425972681,2.21316767914097,0.197325124239943,0.594967709567091,1.12489814224302,3.01516450000368,5.7007344937747,27.6994119474179,16.5145696220642,9.94860537131134,0.45,0.91,0.96,
190,0.00664738727148347,0.0151157275023268,0.0263685587105166,0.0367671963193847,1.74444522808827,2.43238020225788,0.19057641557725,0.532418716253491,0.669765214032916,2.79372825142509,3.51441815087254,27.3810508560355,21.6793137053039,9.53383116736863,0.4,0.95,0.98,
195,0.0077845343176864,0.015149760045416,0.025811663369552,0.0365832429619912,1.70376714166916,2.4147737556451,0.277544781351384,0.672288114596459,0.771221110200479,2.42226898060574,2.77872675697721,27.4129265206201,18.0587694298887,9.27929616975621,0.44,0.88,0.95,
200,0.0063171082161294,0.0130231844941096,0.0283980787704399,0.0378269276287599,2.18057870433183,2.90458356371048,0.230567625756875,0.592985836322575,0.752033782421943,2.57185211660138,3.26166251638005,27.431694502359,21.7122246159389,10.5318689583052,0.45,0.93,0.96,
205,0.00667456740811417,0.0144863308606882,0.0239856369498371,0.0359365555374695,1.65574272605683,2.48072171504733,0.27916338002951,0.730741849599429,0.985830456088657,2.61761356207316,3.53137455200767,27.4929531014757,20.0929825333136,9.25782847557376,0.36,0.84,0.92,
210,0.0072173936255067,0.0126005273177182,0.0230592010843453,0.0328800756643729,1.83001873674927,2.60942060878187,0.270671238165392,0.676565818298605,0.939054334456614,2.49958519007917,3.46935396912328,27.62401478837,18.2258214514982,10.4394779874567,0.36,0.9,0.94,
215,0.00751272394523307,0.0140290722211811,0.029654077877548,0.0337561976458581,2.11375901485319,2.40616037280733,0.165727824676092,0.686475616609393,0.925467732421809,4.14218685336081,5.58426283715843,27.3013029717916,16.9023652999434,9.05140429231253,0.34,0.86,0.9,
220,0.00594112403951057,0.012976632962193,0.0299560000096188,0.0387514086318629,2.30845706254424,2.98624525674448,0.204677645183714,0.526139996674162,0.757035059087773,2.57057870781106,3.69866996666038,27.2418507930894,20.8422840005616,9.54227455417809,0.44,0.87,0.93,
225,0.0054556916158023,0.0106155990928368,0.0265393041576087,0.0389484408196381,2.50002886558865,3.66898188967213,0.256714094038001,0.681701474733408,0.824275600546212,2.65548908519412,3.210870067867,27.4914381617195,22.3957250907911,11.5098703840549,0.49,0.9,0.95,
230,0.00512092582258154,0.0106750832413854,0.0199657270036181,0.0257576702999533,1.87031113033522,2.41287770010967,0.251620069253221,0.656840148118117,0.74766542793721,2.61044419098819,2.97140617660663,27.4298930877264,23.2888366012543,11.1718477535514,0.48,0.95,0.96,
235,0.00645402060218955,0.0114216477836445,0.024122825371563,0.0352150262686083,2.11202672578525,3.08318264892,0.15768870588114,0.595832317288861,0.832734741778665,3.77853514593479,5.28087751830717,27.5187493978175,18.1438933162967,10.2525540522265,0.39,0.87,0.91,
240,0.00613965169590985,0.0118226912377002,0.0221490328864708,0.0312359466278563,1.87343409729267,2.64203352687171,0.262537482557541,0.579679911633818,0.750841030997088,2.20798914496625,2.85993841215616,27.5011257666799,18.6636033611109,9.69221150446987,0.45,0.89,0.93,
245,0.00643110812870454,0.0111024058751597,0.0224307173323435,0.0286776537322141,2.02034744401928,2.58301255193497,0.198070939868075,0.48998974399341,0.635132797843132,2.47380935497033,3.20659253834087,27.4254921867957,17.4061424867459,10.0825700028095,0.43,0.91,0.96,
250,0.00727160487184819,0.013048928344035,0.0296466394557581,0.0387556814905601,2.27195970995659,2.97002791867397,0.254993077968742,0.658984812580052,0.710279664647809,2.58432431903439,2.78548606223294,27.8444596894469,15.3168166753647,8.5354012085369,0.45,0.87,0.93,
255,0.00656986128197616,0.0111185667556498,0.0253837770116934,0.0324844850966044,2.28300801439132,2.92164321270075,0.219312629358815,0.688895326114368,0.803959417060221,3.14115665900514,3.6658145014753,27.838660455632,16.6169745124708,9.81882106500751,0.43,0.9,0.96,
260,0.00467494731504784,0.0114183381938338,0.0203137779022708,0.0334647367069255,1.77904854081488,2.93078871363237,0.247880367920246,0.659823827577395,0.733416426950174,2.66186399961166,2.9587515667483,27.3547933819596,22.5052255536897,9.21419054075525,0.38,0.86,0.92,
265,0.00516933346776253,0.011269115960199,0.020270892458921,0.0263812304073688,1.79880059185788,2.34102040484309,0.156558108418833,0.518208665474031,0.821160243582534,3.31000847358024,5.2450828122279,27.9228950391455,20.3835592923484,9.35028227717322,0.38,0.93,0.96,
270,0.00625430773911296,0.0101116286812864,0.0200209981705693,0.0256550846636779,1.97999736754794,2.53718619149433,0.182521149439321,0.464567964635353,0.62171302194639,2.54528292234867,3.4062519541226,27.4584571631037,16.2604709801824,10.0575280895341,0.44,0.92,0.96,
275,0.0048635529900453,0.00881585392196719,0.0213220913871368,0.0287945420558085,2.41860761031972,3.26622268366525,0.182463494235043,0.544247008885989,0.574983538361178,2.98277203978627,3.15122507530468,27.7637878987905,20.7583281048891,11.4520078958326,0.51,0.91,0.96,
280,0.00382304452579066,0.00747379971742176,0.0161413083682835,0.0273852006633667,2.15971914937156,3.66416036002819,0.182656871504809,0.508855952476569,0.690017856939117,2.78585715546525,3.77767259043934,27.5457294564904,25.7327908524438,13.1629972599384,0.44,0.91,0.93,
285,0.00546716862191369,0.0101797594172227,0.0180409789928148,0.0213116404091167,1.77224021250365,2.09353085231665,0.203691747364247,0.541353861943408,0.685189027208945,2.65771131598839,3.36385266499615,27.4171738688192,17.5960568840766,9.45018503121738,0.37,0.92,0.97,
290,0.00442981218817858,0.00966443485771374,0.018679808035369,0.031745090957747,1.93284018262688,3.28473329533691,0.19582424475377,0.543418002373574,0.721067643604376,2.77502922611482,3.6822184327127,27.5806464527881,21.4694604157727,9.84079036421856,0.4,0.87,0.94,
295,0.00435268076795747,0.00880950958394753,0.0143538919582794,0.0233389529950012,1.62936333986567,2.64929083425131,0.220107923221255,0.491536931077941,0.601487416049837,2.23316327683417,2.7326931590973,27.460137431608,21.3857198804521,10.5664464912084,0.49,0.95,0.97,
300,0.00539196480199093,0.0100939655729143,0.0177914160067875,0.0277622228647694,1.76257942215775,2.75037820014617,0.236214980015326,0.583767394641106,0.700648300949715,2.47133943242393,2.96614677402871,27.6587820019556,17.0987651797126,9.13376802610792,0.41,0.87,0.94,
305,0.00436154553976891,0.00685666249939797,0.0163474507487095,0.0226743897943195,2.38417025048919,3.30691350147544,0.235990935372125,0.475160501866112,0.637504649472053,2.01346929328811,2.70139464664944,27.7140098740009,20.8333503148702,13.2521625721324,0.59,0.93,0.97,
310,0.00502844559632918,0.00955957837411837,0.01679183122687,0.0235244735981877,1.75654517068789,2.46082752581201,0.13265216215206,0.519580589378775,0.723044988681596,3.91686483619601,5.45068378043296,27.582310335925,17.6943735250848,9.30743921435989,0.36,0.93,0.98,
315,0.00541390845946533,0.0095749909389577,0.0171930839850408,0.027807880313004,1.79562404754739,2.90422001339576,0.123961598583686,0.454813452272346,0.711757541534021,3.66898666578024,5.74175833214603,27.6418174396341,16.2085860986889,9.1646876696905,0.39,0.93,0.95,
320,0.00561238400895463,0.00835642391047071,0.0161215014320123,0.0233959143330074,1.92923451523466,2.79975197329231,0.177906918490585,0.402785918253829,0.512385387120763,2.26402616419409,2.8800756680403,28.01650395169,15.5997121204361,10.4771581464803,0.41,0.88,0.94,
325,0.00496320663173369,0.00848777406080812,0.0183473729221379,0.0227438925806623,2.16162362366077,2.67960626870137,0.187760020300656,0.463393863068477,0.523283958323688,2.46801136006725,2.78698285974706,27.4278713228802,17.0038155745225,9.94294259244356,0.44,0.85,0.91,
330,0.00421909846210964,0.00856959562545678,0.0190923366020469,0.0209081975834357,2.22791569596719,2.4398114563686,0.181286515189541,0.473353803684637,0.667441641062004,2.61108115620034,3.68169491461719,27.5075931796249,19.7569086659524,9.72698673446649,0.43,0.87,0.93,
335,0.00452034668200543,0.00908822735808294,0.0189288729537418,0.0251370724074122,2.08279042853244,2.7658938775399,0.209291470502762,0.539306664404287,0.676224053557397,2.57682103866325,3.23101582655502,27.6705097117551,18.2726109884023,9.08852003790798,0.44,0.88,0.91,
340,0.00391201694927919,0.00699225650360783,0.0187480443885494,0.0263568746986834,2.68125810013919,3.76943761789688,0.181883641036001,0.452487024702149,0.610198985661666,2.48778297006154,3.354886575758,27.3767602804427,20.5827030459592,11.5155791461921,0.48,0.89,0.95,
345,0.00518379307833581,0.00939643993703338,0.0167361730039495,0.0205248165851327,1.78111849978295,2.18431839320763,0.164407875786138,0.388688107006334,0.524714728498193,2.36416963085114,3.19154253401305,27.7012688754202,15.489339902049,8.54510149698063,0.37,0.88,0.96,
350,0.0044427122411754,0.00787741096558799,0.0144819622066409,0.0222436781626771,1.83841648860324,2.82372955528756,0.204885389716015,0.434257906489649,0.53341586427409,2.11951621875801,2.60348414795921,27.5130685288421,17.693868735569,9.97901056180274,0.46,0.9,0.93,
355,0.00331129017944803,0.00778898055422561,0.0161374159309778,0.0189802447867603,2.07182645002536,2.4368073144647,0.192380650128557,0.441594392701161,0.649623499525938,2.29542000407041,3.37676111964396,27.5479756406492,23.4349535005252,9.96278406934931,0.36,0.88,0.94,
360,0.00465565390748871,0.00929324648995417,0.0160753603055943,0.0208477531920328,1.72978951144484,2.24332295657592,0.197559256283691,0.447008532834909,0.598631868870937,2.26265547483644,3.03013829942402,27.544321860613,16.4342123982408,8.23307605701381,0.35,0.87,0.92,
365,0.00445410986264519,0.00751094181045864,0.0175065794517713,0.0210117517470757,2.33081015584413,2.79748562528041,0.135991262438752,0.362322949930157,0.599367081924794,2.6643105110767,4.40739405735525,27.6315788856004,16.9962030990412,10.0790230787765,0.43,0.85,0.95,
370,0.00378131926322208,0.00697156543735643,0.0161565816495936,0.0233472880365793,2.31749695169182,3.34893048718659,0.15125738589682,0.365600665784048,0.504960729444015,2.41707645293726,3.33842031217221,27.6004239148884,19.7274377321278,10.6999985843632,0.43,0.82,0.91,
375,0.00441266018368771,0.00946324246695499,0.0171818098417164,0.022870475977445,1.8156366490359,2.41676952242396,0.177323393309272,0.357207800207633,0.5215707448163,2.01444261550207,2.94135328160917,27.621559342512,16.6923099703716,7.78353633410948,0.33,0.83,0.92,
380,0.00324044652708391,0.00845194082884666,0.0160090188513492,0.0191325128992775,1.89412339432265,2.26368277851376,0.190820656233445,0.433822235741379,0.594499219400062,2.27345531822641,3.11548671477561,27.5461162979497,22.370305797541,8.57670222726092,0.37,0.85,0.92,
385,0.00429440327419707,0.00841601012312151,0.0187302840133822,0.0236697517415928,2.22555388353491,2.81246711866046,0.159312351534951,0.35256268595185,0.556905242798262,2.21302794513395,3.4956815176762,27.6790911104867,16.7412649799554,8.5424972275884,0.41,0.88,0.93,
390,0.00301783396371853,0.00618617018907151,0.0127682242469245,0.0171109915868737,2.06399498505244,2.76600724905726,0.184490960650979,0.429554663529115,0.726901717931594,2.3283236317564,3.94003974702452,27.6012389859139,23.4513921266181,11.4404236374253,0.47,0.96,0.98,
395,0.00338062428922034,0.00610982604364633,0.0131550968242862,0.0158686034552647,2.15310497063436,2.59722672002529,0.173673900605499,0.362732385302134,0.614065044547417,2.08858316671359,3.53573589587458,27.510595969126,20.601839318534,11.3991917127129,0.45,0.9,0.97,
400,0.00375371020872837,0.00719071215095363,0.0150642771948262,0.0180789455545481,2.09496318008341,2.51420793587885,0.181811123667694,0.409123862598929,0.565274260679824,2.25026859933338,3.10912912959609,27.6260245846676,18.3991458107433,9.6047595859486,0.38,0.9,0.98,
405,0.00431688849594249,0.00776485651371899,0.013208942292528,0.0162065058536149,1.70111865804479,2.08716102158245,0.176203864005646,0.36655688919756,0.558971783438733,2.08029994839282,3.17230150764924,27.9666096847593,15.9960947129451,8.89306288201404,0.37,0.92,0.95,
410,0.00302780729341343,0.0068573108237655,0.0153282507916347,0.0187583991996669,2.23531515277262,2.73553287604458,0.181013292021196,0.478690991730262,0.555199331799837,2.64450740818641,3.0671743804031,27.7649570543487,22.3658247990039,9.87550501793424,0.41,0.86,0.94,
415,0.0047904673375312,0.00787593086596662,0.0154125272954133,0.0238874373720589,1.95691500569332,3.03296686811727,0.173957077949309,0.464299012112913,0.521738909265343,2.66904352261084,2.99923932625137,27.6824847868336,13.9244833372046,8.46944745377591,0.38,0.89,0.93,
420,0.00299516636826614,0.0059722864406889,0.0141887117849417,0.0206807118456639,2.3757587526738,3.46277963239794,0.153066922335121,0.416098044135675,0.483181780816238,2.71840602651355,3.15667012470775,27.455225380366,21.8250261259471,10.9454871075183,0.49,0.87,0.95,
425,0.00355478948016311,0.00686794869707463,0.0127990027435871,0.0180852939686325,1.8635845007169,2.63328903087699,0.177357673785489,0.361183037648889,0.469971303475115,2.03646693114465,2.64985040367375,27.4024401259394,18.1378756935936,9.38800398080379,0.44,0.9,0.96,
430,0.00349893584331584,0.00708056742506697,0.0120629757531231,0.0184370604160749,1.70367359407061,2.60389588986937,0.1455724878417,0.400457479076854,0.600238934713109,2.75091457880643,4.12329928280011,27.7452343008785,18.4409785115037,9.11280082882724,0.4,0.89,0.91,
435,0.00257762061755606,0.00611794551432576,0.0141677748294349,0.0203819164232044,2.31577329289051,3.33149688493927,0.170178377448098,0.366414742273055,0.477643259723349,2.15312161137984,2.8067211997542,27.5067904469734,24.5319270791214,10.3358228476302,0.42,0.91,0.96,
440,0.00311912788593065,0.00659695254230868,0.0132369731587309,0.0172553664307468,2.00652848020921,2.61565720233424,0.073530852556603,0.3240139257174,0.520366992159546,4.40650304534384,7.07685242407567,27.7485243236379,20.2187375172184,9.5596910245769,0.39,0.92,0.96,
445,0.00331361502384332,0.00715172831582726,0.0130262403341937,0.0166418529959242,1.82141151885842,2.32696940669498,0.189770762037806,0.384871526787565,0.529031157521769,2.02808653269196,2.78773796258654,27.8507064726798,18.8874859606915,8.75115139699454,0.4,0.91,0.97,
450,0.00337504576567683,0.00638915087890683,0.0139192479327033,0.0180494196990798,2.1785755566763,2.82501071600426,0.140692876543432,0.440879409652295,0.510610762064153,3.13362993552979,3.62925810182385,27.6730695097221,18.2207040411117,9.62502078713258,0.4,0.88,0.98,
455,0.00319291760766782,0.00702195917958915,0.0154590060192533,0.0173285491349061,2.20152319657287,2.46776557535043,0.145499905793381,0.389909817573955,0.440060410203913,2.67979429572725,3.02447213147221,27.7783222373631,19.1208371672101,8.69433388932152,0.35,0.89,0.94,
460,0.00304508922180105,0.00635825846603742,0.0113710770533506,0.0156951715394133,1.78839490626075,2.46847019875787,0.186621974696544,0.341649234395087,0.454574373485023,1.83070206469857,2.43580304100941,27.6744624089671,19.7570154501151,9.46200522099825,0.41,0.91,0.95,
465,0.00249554672169686,0.00614469165224716,0.0111244498400273,0.0139136176725631,1.81041628605709,2.26433130578241,0.194953293490084,0.434022902801568,0.566197409448605,2.2262917185528,2.90427209159923,27.6361241553617,23.8154327260531,9.67217371168803,0.36,0.86,0.91,
470,0.00366780409598022,0.00637484222042562,0.0133046537201058,0.0201645627589039,2.08705615920601,3.16314695511909,0.1519123460163,0.363309590075445,0.565682288694217,2.39157382268629,3.72374137802809,27.7524258106361,16.0989281176247,9.26261583408613,0.42,0.92,0.95,
475,0.00302313845424894,0.00570705790845789,0.0133305548050817,0.0155616657399158,2.33580156692045,2.72674046584552,0.12405360122824,0.356339639844856,0.4530574664639,2.87246509828638,3.65211055526185,27.479097711762,19.13598497067,10.1366996713012,0.48,0.88,0.96,
480,0.00265232859180176,0.00518368947792976,0.011260814483156,0.0189606440691107,2.17235514031085,3.65775074873565,0.166664809847672,0.413026338059327,0.555840603019858,2.47818563760895,3.33508077396713,27.6193238474691,21.6942418799146,11.1002517146418,0.41,0.95,0.96,
485,0.00331117884419387,0.00599293341806046,0.0111400929778542,0.0169028469321109,1.85887147424033,2.8204629941611,0.151362952121915,0.362752288274041,0.467785892230123,2.39657249801697,3.09049133670005,27.7563303607064,17.2837378554253,9.54950491574104,0.43,0.91,0.94,
490,0.00355359675407059,0.00548136642811975,0.0107745970438183,0.0180556354874489,1.96567720569527,3.29400264044061,0.12229239296575,0.385740438067418,0.455815519950269,3.15424719978659,3.72725979839096,27.7000522225553,15.9080286070124,10.3132530114271,0.42,0.92,0.95,
495,0.00241180762455519,0.00506455257656366,0.0095089837628681,0.0207888228029179,1.87755653023944,4.10476986636859,0.121434576660574,0.366618598815891,0.517335353008036,3.019062682951,4.26019810201223,27.8063083491465,23.2913934467167,11.0916728481119,0.46,0.88,0.95,
500,0.0034386367417733,0.00637985697747997,0.0104597471494466,0.0136341882125655,1.63949555395491,2.13706800335687,0.12468076817458,0.418807108193662,0.554589268198713,3.35903535344955,4.44807387954306,27.5921408270975,16.04830221925,8.64976783162821,0.35,0.93,0.99,
505,0.00313724057661326,0.00635851918515101,0.0132248676017762,0.0194843224122074,2.07986595883207,3.0642861718038,0.161659388867211,0.336385467422389,0.510476477792243,2.08082852335103,3.15772861303809,27.6385230950018,17.445187057365,8.60731046165335,0.39,0.87,0.93,
510,0.00267765348882375,0.00588877502362773,0.0120128225951589,0.018629347192956,2.03995271460693,3.16353522051851,0.127949131312201,0.350888536499451,0.406577776813408,2.74240655564334,3.17765171708233,27.5638883619658,20.1844040504155,9.17794273147968,0.4,0.89,0.93,
515,0.00271219013173003,0.00630770290997057,0.0118432501973435,0.0142854037266019,1.87758528998297,2.2647553206764,0.165075444573586,0.328252063763552,0.410448408559699,1.98849722689813,2.48642921798543,27.7064150228646,19.83594862789,8.52907387838881,0.43,0.92,0.95,
520,0.00292590226809439,0.00578387342891292,0.0102480629774579,0.0136695355513719,1.77183389356845,2.36338773995977,0.145406701480837,0.360975605525208,0.470723041351456,2.48252385790335,3.23728574101168,27.8385535070228,18.2971524390884,9.2560254782857,0.42,0.89,0.93,
525,0.00266304965521391,0.0052121625585351,0.0120171892418844,0.0204870618999667,2.3056052275664,3.93062604435053,0.167429257910353,0.371856947138641,0.434832563123317,2.22097948578226,2.59711216874736,27.5982502237422,19.739810544407,10.0856592774891,0.44,0.84,0.88,
530,0.00271797288887274,0.00514517800584294,0.00955240728097307,0.0134356623140573,1.85657469384445,2.61131146459842,0.122854109889668,0.339844491496754,0.399724403737147,2.76624438369998,3.25365105079617,27.7103560892387,19.2362811816335,10.1616874430853,0.41,0.96,0.99,
535,0.00253616415983504,0.00511055849269042,0.00973993960811575,0.0132586883439962,1.90584642012154,2.59437170378932,0.122298154797061,0.347600889255729,0.467545128720584,2.84224148624753,3.82299413671792,27.5911072733178,20.3347101675987,10.0912969103983,0.46,0.92,0.96,
540,0.00317391469731404,0.0057983965181159,0.0115942343498197,0.0188233367469732,1.99955872517443,3.24630036737976,0.176050087423741,0.348795864639917,0.402873355802584,1.98123085165183,2.28840190708281,27.5527170139175,16.0759046451224,8.79959655507526,0.34,0.85,0.88,
545,0.00291919580010598,0.00519667066166779,0.00995556184021389,0.0122550135149608,1.91575770110835,2.35824325088704,0.153442779762036,0.3143957858432,0.482652362438901,2.0489448009921,3.14548760904498,27.7022724143477,17.4122810258769,9.78123513116605,0.39,0.89,0.96,
550,0.00279759323203804,0.00563639109901037,0.0105553484807223,0.0146287659293592,1.87271399292636,2.5954135673672,0.112123012873108,0.377068084441017,0.553813317150572,3.36298565993542,4.93933674238075,27.631851245422,17.9581966962836,8.91345697177612,0.37,0.88,0.95,
555,0.00242328296767035,0.0045729348790361,0.0088608026740783,0.0132503569324604,1.93766211600766,2.89756081880907,0.125843362319553,0.300935264862163,0.413678361500072,2.39134793695356,3.28724816212096,27.6184076860558,20.5353222861431,10.8820479731216,0.48,0.94,0.96,
560,0.00273463814939175,0.00538625109155805,0.01117871757334,0.0128919688025751,2.07541709127905,2.39349569550904,0.134907223145265,0.39302041059223,0.489232405813151,2.91326440074328,3.62643596396879,27.7184652080586,18.1001129202831,9.18955660601907,0.47,0.9,0.96,
565,0.00229009775122904,0.00505912525663779,0.0104215383904104,0.0134965115778263,2.05994867921819,2.66775596435733,0.120871549932261,0.315271545441244,0.427694585840219,2.60831887750202,3.53842228448223,27.7339541903592,21.4343010285753,9.70259523033212,0.46,0.9,0.96,
570,0.00294518924300939,0.00477663362224303,0.00916844109198579,0.0152118426911621,1.91943569824818,3.18463669064467,0.09536508267042,0.246985026210728,0.396899342624574,2.58988949932864,4.16189376143311,27.5706605419708,16.4232502250926,10.1262905475846,0.4,0.88,0.96,
575,0.00314326139482054,0.00521926315859976,0.0107703877583399,0.0156524269163344,2.06358396406849,2.99897254472481,0.0968635506496422,0.265604686581727,0.378494066580843,2.74204987118865,3.9074973407682,27.6704547955769,15.3097448906287,9.22017698992106,0.41,0.86,0.92,
580,0.00275172579975867,0.00474017869779902,0.0100394970652349,0.0147776382670492,2.11795750862652,3.11752767335772,0.169053802707632,0.332371182359558,0.402652458548132,1.96606747104277,2.38180065812831,27.5751442805309,17.277648889283,10.0298649563333,0.39,0.88,0.96,
585,0.00236427193634775,0.0046147063593437,0.0107049809933536,0.0119350969411216,2.31975344903117,2.58631774413031,0.164252676331055,0.334370527325532,0.395891283738666,2.03570824411774,2.41025773571408,27.6355095767249,19.9808603166081,10.2368782826215,0.38,0.9,0.98,
590,0.00235702616901813,0.00421694947172098,0.00851477028754255,0.0133004224785455,2.01917768866877,3.15403885385363,0.148303505476658,0.345027633182682,0.473946370827196,2.32649681525557,3.19578670311197,27.7109447776672,19.9266786386851,11.137838697846,0.45,0.9,0.95,
595,0.0029902880112381,0.00470604873209106,0.00880965815491194,0.0112836669238628,1.87198617278183,2.39769444946845,0.165035918617833,0.328134893309382,0.444676616023821,1.9882635008033,2.69442324887796,27.6849621434944,15.5601560670612,9.88713691446458,0.41,0.86,0.92,
600,0.00201882062531749,0.00401253906784039,0.00882316341543132,0.0117135187429071,2.19889782161799,2.91922858441138,0.124956494481626,0.281503564075201,0.332824118957752,2.25281259083812,2.66351997419944,27.6200216813206,22.8021097523849,11.4723791321597,0.47,0.9,0.96,
605,0.00262892593907666,0.00438005893296074,0.0106095434310553,0.0131452150452622,2.42223759849817,3.00115026908475,0.101811491231555,0.294509203764503,0.375402990849804,2.89269119037542,3.68723595253119,27.7856575963288,17.4697605923893,10.4854084097327,0.42,0.85,0.93,
610,0.00200122895670062,0.00437040218344223,0.00968536047377232,0.0139278017387497,2.21612567156094,3.18684669148227,0.13432635644033,0.316685249018307,0.360571378182326,2.35758087549247,2.68429359462674,27.7256474790787,22.7119845338332,10.3999309915786,0.49,0.89,0.95,
615,0.00217796934630677,0.00455860169442685,0.00895922921494669,0.0143981074519506,1.96534591427451,3.15844822976158,0.143525574285766,0.26183905673853,0.406105834493577,1.82433728651868,2.82950154712498,27.7430852528649,20.7122785289568,9.89573354991424,0.41,0.92,0.94,
620,0.00263037490542246,0.00498662838579612,0.00833476607265788,0.00998717884768337,1.67142313961044,2.00279188161099,0.11466347507371,0.268451628681307,0.390301812810493,2.34121308907423,3.40388962186601,27.6624243159622,16.9621498900653,8.94729062625329,0.42,0.94,0.97,
625,0.00231532143280637,0.00457355087638571,0.00811478879892064,0.0139812461970166,1.77428632986661,3.05697839051163,0.096175087029013,0.294007407960774,0.448535006416196,3.05700173551266,4.66373382413355,27.5769740479907,19.0570336591685,9.647462041934,0.39,0.93,0.97,
630,0.00199300167155398,0.00489712884638808,0.00828440450421141,0.0113920746223418,1.6916860397336,2.32627626915394,0.184750317485329,0.301938357315287,0.382375444615734,1.63430494423515,2.06968761851301,27.6510405637577,22.0223300380731,8.96250475618281,0.38,0.93,0.96,
635,0.00212686372044319,0.00363504969393575,0.00723259736453669,0.0103671656324295,1.98968321577629,2.8520010743525,0.15337327014466,0.288274025792887,0.370065449210659,1.87955844927209,2.41284187825961,27.5245711753636,20.380140467812,11.9243985717274,0.47,0.92,0.95,
640,0.00253396892857593,0.00413587430001247,0.0106047967381535,0.0157145687786868,2.56410034950084,3.7995760119304,0.0905493570309419,0.255895768399785,0.350158135858418,2.82603628330947,3.86704165926617,27.6588915236278,17.055070217438,10.4493064514892,0.48,0.89,0.93,
645,0.00217231255511037,0.00497222985826274,0.00971209096290207,0.0143522992705933,1.95326669115321,2.88649150978871,0.16376067878848,0.263834648272408,0.321027913453376,1.61109889275183,1.96034796526478,27.5951999078197,19.694797403988,8.6044404403272,0.34,0.89,0.95,
650,0.00187091459680494,0.00368052771297385,0.00837870493083114,0.011650754775556,2.27649554201052,3.16551203635476,0.1359566501609,0.286923343672149,0.429210734888517,2.11040315668697,3.15696756562155,27.6909888300524,22.7704254110565,11.5748405118194,0.52,0.93,0.94,
655,0.00196432192123051,0.00352030689699579,0.00916326824910436,0.0117797668212972,2.60297426253496,3.34623291831459,0.109660751239402,0.230004560095081,0.322996906620116,2.09741915403219,2.94541942280677,27.8497555699571,21.6454901481691,12.0781261514764,0.51,0.93,0.94,
660,0.00230698942227227,0.00412589903095204,0.0085793770480281,0.0115965214068552,2.07939578348054,2.8106653410225,0.150306788336612,0.237391120115341,0.294829512960309,1.57937723733211,1.96151828019929,27.7133341417792,18.201167204945,10.177151670415,0.49,0.89,0.92,
665,0.00275894326116089,0.00437311222313554,0.00801765443392119,0.00989164787196778,1.83339782398095,2.2619240868407,0.124857079829436,0.292916159210562,0.406077573159927,2.34601161272318,3.25233918424697,27.7028883300139,15.0994329162904,9.52604839897772,0.34,0.83,0.9,
670,0.00190569456779464,0.00434171514000029,0.00706177475628778,0.00947657395592441,1.62649426058092,2.18267980518035,0.128196301476531,0.22622665202901,0.302828746340453,1.7646893820133,2.36222685719129,27.7028484853816,21.6968320902849,9.52331825546841,0.39,0.89,0.96,
675,0.00181403456357148,0.00466500176553494,0.00793814724855051,0.00965988760924751,1.70163863756657,2.07071467381102,0.146716721172744,0.288225474303106,0.353307260747043,1.96450324134323,2.40809130631443,27.6989242225041,22.6210922970552,8.79644753744119,0.44,0.87,0.97,
680,0.00258509983480923,0.00420365990655709,0.00780556049741731,0.010029641866296,1.8568487153877,2.38593085293395,0.120276739803758,0.29968298480722,0.420561425483066,2.49161213794271,3.49661477497019,27.6390541533851,15.7230553827429,9.6691142423829,0.43,0.87,0.93,
685,0.00211907315856348,0.00366047601826522,0.00757891362171218,0.00975912470593206,2.07047214184564,2.66608076578989,0.103543825485006,0.260864034847942,0.283384151288119,2.51935867374069,2.73685224551757,27.7006641108226,19.0833079763247,11.0474499784853,0.4,0.9,0.96,
690,0.00199539750863901,0.00352902477441803,0.00854807598365705,0.00985576889079612,2.4222204518433,2.79277407238418,0.121427028249682,0.247239686524928,0.285419367058135,2.03611741215099,2.3505423065386,27.8276179797591,20.2114520818427,11.4280527080563,0.49,0.92,0.98,
695,0.0023396583229429,0.00425695733286516,0.00994023855278297,0.0122834447671982,2.3350571254358,2.88549868056366,0.131400830649065,0.269625946363013,0.355858091950759,2.05193487005504,2.70818753727027,27.5988562951455,16.972813597578,9.32839619762042,0.44,0.86,0.91,
700,0.00236519757113703,0.00368909006256462,0.00745029860876832,0.0104056938799759,2.01954912523576,2.82066680495786,0.124242496867263,0.225723304927556,0.371346774130388,1.81679627035113,2.98888692270185,27.6733164365776,16.7145906445802,10.7162765138967,0.49,0.89,0.94,
705,0.00236306085088081,0.00402138354820481,0.00972220752827453,0.0106165610351077,2.41762751842326,2.64002697276837,0.137907533446989,0.273795630135544,0.298007910892772,1.98535658852016,2.16092553788821,27.6408259045752,16.5915512671215,9.74959110085856,0.41,0.83,0.92,
710,0.00172620294910204,0.00397416929205493,0.00880473454518394,0.0118322813736587,2.21549055869013,2.97729676421021,0.137635250635168,0.280069428767145,0.340062094695866,2.03486699428135,2.47074854099169,27.6622385334203,22.5702889472601,9.8035328844031,0.48,0.9,0.94,
715,0.00171617315225924,0.00349659477953306,0.00735820839946367,0.0100335790193966,2.10439266298004,2.86952868491569,0.115933616090916,0.232409052839454,0.357588717046335,2.0046735422899,3.08442649426126,27.7141499387755,22.585744809254,11.0853705703343,0.43,0.88,0.96,
720,0.00214814202239909,0.00408133810026962,0.00754786442636637,0.00969077483710007,1.84936024434431,2.37441118550308,0.0839151552542265,0.20202887506357,0.268655472300753,2.40753740431642,3.2015131413014,27.7711087571541,17.9555094508413,9.45057317902384,0.37,0.89,0.94,
725,0.00247608252816359,0.00419094255451401,0.0074276944028942,0.0123013853737215,1.77232073842051,2.93523120723089,0.115795203672603,0.21941488664318,0.262144832965726,1.8948529790884,2.26386607261307,27.60692387115,15.3785325211216,9.08590733207043,0.31,0.88,0.94,
730,0.00166882526358749,0.00322167876026226,0.00732540310633979,0.00943535178736894,2.27378446190689,2.92870658109962,0.109569387221192,0.197919032270379,0.304606330871416,1.80633512050982,2.78003134448945,27.6075485479352,22.6617851969755,11.7387742444027,0.55,0.92,0.95,
735,0.00221564025114623,0.00412609403821183,0.00920952383459958,0.0114061746036423,2.23201985929308,2.76440005923509,0.0830882711688021,0.207975334961169,0.277410190205853,2.50306489755511,3.33874067065695,27.6319063744643,16.9677502572898,9.11138478504981,0.35,0.82,0.92,
740,0.001766035780383,0.00331066993478658,0.00655501013238408,0.0102301413283533,1.97996485953126,3.09005172060826,0.123456843472034,0.244167695856378,0.286250999648606,1.97775748180123,2.31863209521835,27.7734802836812,21.2519647279984,11.3365967772025,0.47,0.97,0.98,
745,0.00156238536302649,0.00331537781216635,0.0070643813229517,0.0105655920693354,2.13079224244903,3.18684405456391,0.102413477634809,0.263698621525958,0.319275271710104,2.57484295637599,3.11751225603911,27.7344297026477,23.827298501791,11.2287119383646,0.45,0.95,0.95,
750,0.001930094680465,0.00403317519370661,0.00697293846167566,0.0110228382735642,1.72889550460299,2.73304226673919,0.0935819206237101,0.204538463613018,0.304690592868348,2.18566216903648,3.25587026679543,27.6554931319343,19.1047575104944,9.14267024653862,0.33,0.91,0.97,
755,0.00206312938806601,0.00377725594365707,0.00803894399509355,0.00942471600716912,2.12824974399548,2.49512242425497,0.0843817461691581,0.240922307719977,0.296456234735655,2.85514721675711,3.51327447219871,27.7453519989141,17.8121696133837,9.72897022143771,0.48,0.9,0.94,
760,0.00190744633608385,0.00341770593986048,0.00639581894667561,0.0069806198431863,1.87137777773143,2.04248696816534,0.105554622598136,0.181867195932493,0.306403726602761,1.72296761104335,2.90279780326904,27.748414715222,19.1413364051298,10.6829179093166,0.46,0.92,0.96,
765,0.00210509571471766,0.00359254147670392,0.00705667400668878,0.0107775381502545,1.96425679493146,2.99997598361555,0.141670779610477,0.222771239952189,0.266081639933694,1.57245721781653,1.87816881268872,27.7017087353518,17.2017755366705,10.079600807004,0.35,0.91,0.94,
770,0.00205826269925461,0.00380009274069345,0.00736978048713884,0.0100832840886421,1.93936858651349,2.65343105463318,0.126116371913247,0.248944653655591,0.318278676880139,1.97392812589657,2.52369039841295,27.6523001197604,17.4477621785676,9.45031622335028,0.42,0.87,0.91,
775,0.00212350067043111,0.00369910343384672,0.00691164670306719,0.00820948667114512,1.86846537996904,2.21931795581288,0.102218024580226,0.214838155439735,0.303190339680802,2.1017639141629,2.9661142535859,27.684554411131,16.8222248239412,9.6569361551035,0.41,0.9,0.96,
780,0.00175160882921882,0.00349580211791804,0.00754251486268168,0.00978953098460758,2.1575920513412,2.80036759930732,0.0935192151006126,0.195667166981246,0.246911702163801,2.09226699316004,2.64022427795359,27.7038352936353,20.2772085659004,10.1601110011043,0.5,0.9,0.97,
785,0.0020668672090717,0.00325716105299918,0.00579015038743685,0.0103628458421341,1.77766781968159,3.18155770424432,0.123001185264811,0.246254038861487,0.330069510985008,2.00204606428241,2.68346610054526,27.7378327312971,17.0958340288603,10.848348666532,0.44,0.93,0.95,
790,0.00227004840743604,0.00442821244294017,0.00818101141233812,0.0105035017285263,1.84747491629065,2.37195072817066,0.116695100974598,0.219902102079909,0.265128865645361,1.88441588587148,2.27197940128673,27.7141113349498,15.4539231294047,7.92219299335409,0.38,0.84,0.9,
795,0.00271425773842383,0.00394839824833499,0.00699355455198905,0.0104419959311013,1.77123838886773,2.64461568320892,0.114250127278798,0.223204956419716,0.270619533167207,1.95365170907024,2.36865848303897,27.6886712329294,12.8316912506437,8.82092308920762,0.38,0.86,0.91,
800,0.00189328344911239,0.00339423231525527,0.00660178209951613,0.00906722351899866,1.94500007257742,2.67136208627981,0.109044753782799,0.200078758597213,0.276492846968846,1.83483158663222,2.53559054770832,27.574010923432,18.2051523613377,10.1547302756435,0.41,0.89,0.93,
805,0.00187024005335321,0.00308306190094049,0.00667682284445532,0.0103270718530745,2.16564670414777,3.34961547477337,0.145535180910319,0.23136882747635,0.279069132253928,1.5897793648872,1.91753726149483,27.8124083750424,18.473337451642,11.2062542794328,0.43,0.91,0.93,
810,0.00218240531818817,0.00380384582090768,0.0073546778514596,0.00988317823259572,1.93348474089957,2.59820684063304,0.0802492283074647,0.216364898307577,0.25162289898104,2.69616173103375,3.13551798924444,27.6821676126458,15.6595639161749,8.9844639294588,0.39,0.87,0.91,
815,0.00187995398531613,0.00375398102519223,0.00659857385744627,0.00918312044042468,1.75775365223333,2.44623517774825,0.100793781985025,0.184164181540902,0.247867237127361,1.82713832057878,2.45915206519572,27.6799807793929,18.065956329655,9.04723981622763,0.45,0.94,0.96,
820,0.0017028215456025,0.00349591656303437,0.00705085783246078,0.00928833193085303,2.01688390020979,2.65690892885355,0.101143170838339,0.188919917546643,0.266913356887479,1.8678464989851,2.63896568275576,27.7126554322924,19.8470129451735,9.66725625441104,0.37,0.87,0.95,
825,0.00196224769547218,0.00361055152013176,0.00658646430881552,0.00903564340882205,1.82422665127215,2.50256598152415,0.100896483758722,0.189040857785129,0.232071271396097,1.87361195100902,2.30009275596817,27.6368213906586,17.071839360811,9.27813306538833,0.42,0.91,0.95,
830,0.00130447515874003,0.00291001538359699,0.00683360414505455,0.00870093999354264,2.34830516140012,2.9899979369826,0.118924878755239,0.204300454010285,0.262966084852311,1.71789499513183,2.21119489550648,27.748719128065,25.6288450543219,11.4886649428071,0.44,0.88,0.94,
835,0.00181034509269782,0.00360242797943747,0.007223170033337,0.0100207252704032,2.00508381418493,2.78165873893973,0.0963970248506136,0.182770719701342,0.212508502359687,1.896020338642,2.20451308211028,27.7670864873767,18.3688711767709,9.23099531290512,0.34,0.82,0.9,
840,0.00205196570835563,0.00334127676069546,0.00633665205724911,0.00930798381117755,1.89647626074836,2.78575660677691,0.0880522817570339,0.150090604890863,0.195276119325491,1.70456235654419,2.21772923346068,27.6828143142242,16.060566310763,9.86321507817805,0.39,0.9,0.97,
845,0.00151279300453847,0.00354945524960571,0.00753175830023703,0.00880895518972732,2.12194767100492,2.48177665874386,0.124397308664007,0.204410407230363,0.241100605353961,1.64320602612448,1.93814969104489,27.7779414464466,21.7302059093988,9.2615066750231,0.38,0.88,0.98,
850,0.00174364673183414,0.00335398189536156,0.00752922029051236,0.00991180427227712,2.24486014695697,2.9552348764866,0.101321896890321,0.188565069682345,0.233358632668658,1.86104954081607,2.30314117511306,27.6513181076345,18.6568539863294,9.69920634472093,0.42,0.92,0.93,
855,0.00190065885767556,0.00321637587158606,0.00633810234251514,0.00940902514795443,1.97057265554902,2.92534999751588,0.0879772280273059,0.181028220291295,0.196120511813089,2.05767133553138,2.22921904009318,27.6821553430914,17.0345087148129,10.0662332910099,0.41,0.88,0.91,
860,0.00140698596072777,0.00270198561436839,0.00570737422213697,0.00786185176816613,2.11228890035046,2.90965715226574,0.094085235388035,0.184958254644335,0.199646468383947,1.96585844613677,2.12197447942333,27.6738878072308,22.8708318411996,11.9093673702832,0.49,0.92,0.98,
865,0.00132692153212273,0.0029409195874059,0.00727488031134005,0.0117526692187537,2.47367535735889,3.99625656855189,0.113690419370898,0.184679540473176,0.199117082144819,1.62440724112985,1.75139719992789,27.6641382618484,24.1021506971088,10.8747151290426,0.39,0.85,0.91,
870,0.00149161498383876,0.00341895735924655,0.00693457538083226,0.00881862470752109,2.02827197071579,2.57933158589158,0.109887543766691,0.184919716980604,0.22765273968342,1.6828087210068,2.07168830861088,27.636632863355,21.2965443594369,9.29120820551076,0.39,0.88,0.94,
875,0.0018225637698025,0.00358884375715446,0.00711716804798378,0.00861178151209221,1.98313677874538,2.39959777990457,0.0950448839112772,0.189491449851801,0.228343732886201,1.99370489029886,2.40248315837133,27.7179903406264,17.3808476670547,8.82671561927984,0.34,0.91,0.93,
880,0.00162910774945477,0.00339438701446798,0.00576057695444643,0.00796973876961783,1.69708902664693,2.34791693924358,0.116482066461491,0.200128278924176,0.225384192786673,1.71810378201299,1.93492611895914,27.6564021172509,19.2913757172983,9.25873494823631,0.37,0.89,0.95,
885,0.00162088413926058,0.00365715605567202,0.00583169265921615,0.00924862248998575,1.59459770664464,2.52891108533411,0.0835270813617299,0.167962205009395,0.203116492443953,2.01087123207386,2.43174416168474,27.7518519045205,19.3462468978046,8.57442894793518,0.41,0.87,0.92,
890,0.00167453242680819,0.00276513864766419,0.00547152090342026,0.00684006735344344,1.97875101418233,2.47367970471263,0.086939630141063,0.164888437337209,0.213570055268542,1.89658544750732,2.45653282538718,27.6440207719394,18.5488778833418,11.2329620515771,0.44,0.93,0.98,
895,0.00170860073123352,0.00290160292427716,0.00708051729306589,0.00975438969777296,2.44020890447295,3.36172451997475,0.0868264110478441,0.154874040312799,0.230422246603867,1.78372039617598,2.65382668502671,27.7251992071205,18.1305530559552,10.6761252374979,0.43,0.85,0.9,
900,0.00146690617304951,0.00280524359994529,0.00536268728406335,0.00821946678113063,1.91166545542353,2.93003672882132,0.0955803937147506,0.151729952017382,0.219714145670587,1.58745895596751,2.29873656229436,27.6550178105456,20.9473503703333,10.9537002661274,0.41,0.9,0.92,
905,0.00197633364050071,0.00355915649878019,0.00688201729985872,0.00950170863070012,1.93360907344686,2.66965182170455,0.08823038484989,0.140675652768102,0.203448860646905,1.59441277522975,2.30588204951209,27.7546720740045,15.5176966629767,8.61668936126784,0.31,0.89,0.94,
910,0.00184889744754086,0.00352861951876941,0.00570366635337776,0.00804787827973773,1.61640163328431,2.28074413717022,0.103427415995707,0.166324673782898,0.190672317591691,1.60812945176743,1.84353747752535,27.7006186112163,16.4639960277911,8.62667115856166,0.32,0.91,0.93,
915,0.00182891633297345,0.002980082763392,0.0056831084456427,0.00862148110461972,1.90703040716025,2.89303411654465,0.0899172985670731,0.149293634282345,0.180598901085121,1.66034385664935,2.00850007688347,27.690782711023,16.5470393359375,10.1551375940325,0.36,0.89,0.94,
920,0.00138855846063675,0.00306080472290245,0.0069323108762643,0.0112287695799366,2.26486545332126,3.66856777759044,0.0810365662350376,0.133603270467227,0.161647200586961,1.64867882086373,1.99474395445288,27.7282930029257,21.7055671551651,9.84690355797787,0.35,0.85,0.93,
925,0.00184085579955282,0.00318751580779475,0.00561901438910417,0.00766677045289659,1.76281930127638,2.40524939018287,0.0918671134189895,0.165801151687781,0.181825908874014,1.80479330978423,1.97922740910274,27.6845459351059,16.2583287925288,9.38951856350774,0.41,0.94,0.97,
930,0.00147334057058524,0.00314576638247661,0.00561928483558604,0.00931583455790896,1.7863007459448,2.96138791799751,0.0976142207227273,0.159043217862592,0.201084296772791,1.62930377034258,2.05998977694009,27.7266326992193,20.235364546912,9.47736733205085,0.46,0.94,0.97,
935,0.00135766507136374,0.00272480974706127,0.00571748203873744,0.00766341311050545,2.09830504493159,2.81245805097787,0.0835853793192163,0.160762365538136,0.189898922434096,1.9233311716416,2.27191554289492,27.7244257591347,21.8402851197862,10.8821514190995,0.44,0.93,0.98,
940,0.00170257910276789,0.00293965877730699,0.0050460635485142,0.00820550720810769,1.71654737191535,2.79131281203485,0.0901954189666885,0.147897706242423,0.188866230231729,1.63974742771632,2.09396699295208,27.6723648457191,17.2906421547319,10.014320788977,0.39,0.93,0.95,
945,0.00140318369688732,0.00241736172129538,0.00509599398126438,0.00776202441702122,2.10808086202904,3.21094867542695,0.0936491826462396,0.148423736903065,0.170631428863619,1.58489089503041,1.82202795627358,27.698623118943,20.8887206715683,12.1250833240923,0.45,0.91,0.94,
950,0.00122323448911268,0.00284925420690637,0.00517123895979687,0.00669055368663519,1.81494474844055,2.34817717226417,0.0875288452159868,0.127819620007629,0.144787580105227,1.46031425060185,1.65416988820026,27.7480064100804,23.8780283421146,10.2512537243204,0.47,0.89,0.93,
955,0.0015123323046216,0.00307131225530408,0.0070041268570139,0.00904581164867634,2.28049975866763,2.945259516695,0.0863478074002701,0.131085484096906,0.162253143881731,1.5181101645031,1.87906501353992,27.7168938434381,19.1908388135456,9.44968244123966,0.42,0.87,0.93,
960,0.00175644270965957,0.0032050478590991,0.00525527278323201,0.0070105447439076,1.63968621195853,2.1873447923733,0.0899247423600391,0.112230854611945,0.129471164633426,1.24805311270837,1.43977242787143,27.6870851613533,16.4199569682138,8.99852825219583,0.37,0.94,0.95,
965,0.00130454096215283,0.00286440146825846,0.00655377837442018,0.00883646876735243,2.28800971059578,3.08492676926498,0.0898665091624258,0.125567026235084,0.149477924283006,1.3972616429123,1.66333293321584,27.706140581938,22.0085281664132,10.0233947049456,0.46,0.88,0.93,
970,0.00138570777760034,0.00257159562555501,0.00604756836455958,0.00787371651582939,2.35167936376248,3.06180195579157,0.0792284790189628,0.112681618800537,0.143828355231606,1.42223629931817,1.81536181197144,27.6860912241865,20.5976776259549,11.0990864205682,0.46,0.92,0.97,
975,0.00130657944024904,0.00234898417623665,0.00493383683340157,0.00718459083109048,2.10041297140884,3.05859481888935,0.0790347399149303,0.122495576677174,0.159784531178955,1.54989536005335,2.02169996827902,27.7025781528254,21.7460184924913,12.0958246364543,0.43,0.95,0.96,
980,0.00148493137910439,0.00306706077114645,0.00602927863825819,0.00977213738166087,1.96581648951301,3.18615707702723,0.0788961742244023,0.115368039255236,0.1429864999779,1.46227672494103,1.81233756114977,27.7107778932922,19.0421620626008,9.21934910411887,0.48,0.88,0.92,
985,0.00151617798988787,0.00312063615888744,0.00549733519215466,0.00782307741001842,1.76160722117459,2.50688545915185,0.0745746715154505,0.0984722700033789,0.130328888060901,1.32045194437065,1.74762939497359,27.7191489357164,18.5606624965735,9.01779846230931,0.46,0.92,0.97,
990,0.0013999960384087,0.00265738519768631,0.00678448747546298,0.009172258139722,2.55306888943688,3.45161030764676,0.0775691950672623,0.0994032917105363,0.11127361488729,1.281478963709,1.43450779385814,27.7065791115704,19.9903733862358,10.5315720022101,0.45,0.88,0.93,
995,0.00136806093704936,0.0025079510930095,0.00531238771004991,0.00694383183870105,2.11821822397467,2.76872697320767,0.0747246440624432,0.0916297133244726,0.0956877667933353,1.22623151269751,1.28053827480763,27.7079477882451,20.3552217248743,11.1035593095888,0.41,0.87,0.92,
