5,4.39006770832913,2.37222709996274,0.589300259949255,-4.3
6,43.0657296766112,0.885728583202905,1.53878140830758,0.300000000000001
7,15.9520706744243,-0.934640642810791,1.97062715003733,3.3
8,10.4022408942043,-1.28118725020698,-0.469970187575441,-4.2
9,15.7401814382406,-1.40393111108731,-0.737503177785154,3.1
10,32.3729845201786,-0.101440400061392,0.929906319970542,0.4
11,43.7865674441675,-0.00663759097689494,-0.098545795473112,0.300000000000001
12,32.7405035176847,-1.14758108341562,0.00744019166661506,-3.7
13,13.4379244619099,-0.106545153847457,-1.25969186921701,0.600000000000001
14,27.3853602920814,-1.60234392853604,0.0363437141968705,3
15,23.5953786777941,-0.244712433327739,1.22689805000628,0.9
16,18.5281053321422,0.268059187533254,0.128260268751567,-1.4
17,24.6786071444961,1.17107999993242,-0.548926094090936,-0.4
18,39.4212188565505,-0.765244888905651,-0.558773666676239,-0.4
19,21.9281184834499,-0.597142947380067,0.655037978961709,0.4
20,27.2022847947236,-0.819668374983706,-0.210680437464639,0.5
21,20.1783410420511,-0.114426499926202,0.332999154763295,2.9
22,18.0283220354001,0.380864772721943,0.553226704534444,1
23,21.9309839438104,0.171295108818077,-0.0621348912572913,2.5
24,21.0773690713089,0.314007291516797,0.184292620898141,1.4
25,18.2192180979005,-0.961774039992065,-0.711163856011581,1.8
26,31.2275032524503,0.290799230844877,-0.89195590002224,-0.8
27,23.0475969719289,1.19806351849642,0.694017581501519,-0.699999999999999
28,32.7914572662418,-0.265537392793748,0.269597139290565,1.4
29,23.6770142025123,0.130679327551677,-0.213271184473225,-1.1
30,28.2393025031702,0.114444133330001,0.275008960011291,-0.4
31,32.7678668190772,-0.248808580646336,-0.869034722604793,-0.8
32,28.2086879506984,-0.10740206257287,0.62539501249903,-0.600000000000001
33,37.1206253848267,0.00373833334776918,-0.473364757610284,1.8
34,25.3112146513872,-0.430170073526212,-0.165424914698587,0.0999999999999996
35,29.9200223460278,-0.0103860572510582,-0.366538205729837,-1.2
36,28.4491754317652,-0.382402541674172,0.512435119456434,1.3
37,25.0837148966075,0.468619297416547,0.921710805409676,1.8
38,29.7089474260182,-0.180280947380365,0.523541494716614,-0.4
39,29.797769519389,0.736340974342125,-0.90084392824981,-0.899999999999999
40,31.2536329179213,0.265244937484255,0.222946837484805,-1.5
41,28.681540372074,0.063808341520798,1.05279768295375,2.4
42,32.10590004062,-0.000730095235569804,0.00429470475521179,-0.4
43,31.4850961471445,-0.175912744272334,-0.199149490689422,-0.0999999999999996
44,27.9031472505172,-0.365931454651176,-0.502635809120668,-0.4
45,25.5927166781811,-0.0525924333168683,0.0722458033382939,-0.899999999999999
46,38.5676456523104,0.0656677391244488,0.22872978255266,-0.8
47,23.5677432940679,0.160680851100198,-0.225054255356505,0
48,22.3745346667162,0.158586020819307,0.83615542082797,2.2
49,25.3984932958979,-0.606306806149087,0.0699156551109369,-1.3
50,29.3472711484824,0.44364799995833,0.197613800011709,0
51,27.7681961773648,-0.307585882404292,0.0787223333533935,1
52,22.6036834218596,-0.223590240403099,-0.118651331745011,1.5
53,32.0869340294525,-0.110432490464196,-0.430945692481919,-0.199999999999999
54,28.0019348866881,0.119614629582938,0.0631411897664033,-0.5
55,24.7862040500954,-0.579404509159593,0.182711927296127,-0.4
56,28.3132075251471,-0.670175000040883,-0.000126785750152538,0
57,23.784911175481,-0.0928990175073826,-0.332410119316943,-0.4
58,24.1760945625204,0.569648172392751,-0.369596272396579,1.6
59,25.0262353944645,-0.297946906832638,0.108432932200474,0.300000000000001
60,20.4303817008726,-1.10216166665585,-0.129723416690079,0
61,31.6744092334571,-0.390024983664157,0.345455670508233,1.9
62,30.8138431084986,0.146600709561815,-0.307556122574364,-0.4
63,24.9118929113565,0.498185222213236,0.267828426967889,-0.600000000000001
64,30.8630295444117,0.626975593722712,-0.540731589071419,0.199999999999999
65,29.1809911706303,-0.323849615426206,0.237981834617839,0.5
66,25.5099293965876,0.617076659094785,-0.39516292045252,-0.0999999999999996
67,30.8878176731554,0.165236194046673,0.109147783574675,1
68,24.9399419886008,1.19645036766712,-0.22102786248948,0.0999999999999996
69,27.8897045389731,0.309946507223521,-0.182988036941594,0.300000000000001
70,23.4562094898084,0.22115768572998,-0.768195500011919,-0.8
71,26.1050838940686,-0.295872464760059,0.237612969024761,0.600000000000001
72,36.9618893703797,0.312876833328504,0.342715316660266,-0.4
73,33.4787743902645,0.0773496985771836,0.194717057532727,1.2
74,21.4867240898845,-0.133699054044955,-0.308943031101651,-0.300000000000001
75,28.6984370886244,0.0358480466824554,0.356848912666739,0.9
76,24.1947945743624,0.186343263122449,0.131776500000052,-1.2
77,29.3519501850183,-0.479029350664738,-0.0428445389762525,1
78,27.4691476859109,0.0324994999877285,-0.0806994391177923,0.700000000000001
79,29.5644002220326,0.459299949360557,-0.455922040514509,0.4
80,30.781360353334,-0.00410365001641811,-0.943932068760489,-1.8
81,25.6909002523867,0.101215432036769,-0.472710370372049,0
82,25.0577873131424,-0.510090487795224,-0.201821339019906,0.800000000000001
83,26.378667065401,0.138884650619967,-0.174743787356555,1.1
84,28.072763766331,0.135729160674661,-0.337581820221113,-0.0999999999999996
85,28.5880919272207,0.166979352888361,-0.0872409117675943,-0.5
86,28.0158415067796,0.202536232566174,-0.158603283141793,-0.0999999999999996
87,32.3024054435982,-0.395123344773978,0.00436833678224238,-0.199999999999999
88,25.6901908254109,-0.210285409091233,0.453652459092266,-0.4
89,31.1283751399513,-0.377305752769275,0.560739970787781,1.4
90,34.119496091174,-0.35749813890757,0.191533911142609,-0.5
91,26.1424967369888,-0.275507016509474,-0.311179722536232,-1.1
92,31.7760600565594,-0.158262043485805,0.314077743466488,0.4
93,24.6419208010278,-0.278131317208489,-0.164111056451837,-0.5
94,19.873477797495,-0.0711063298004947,-0.171847973439283,0.5
95,24.2685777918427,0.418149578911497,-0.305269055266721,-0.5
96,30.1674511656973,-0.582126677093638,-0.170524577090362,-0.199999999999999
97,25.6652873355963,0.383210283489368,-0.456967492767496,0.0999999999999996
98,34.5151393278889,0.0799521938548697,0.0413147908341825,0.5
99,28.0144231823411,0.000979444394320723,-0.361128429292623,0.5
100,29.9421270713802,0.335549139974773,0.117902771990259,-0.600000000000001
101,28.5385270730111,-0.0478144009602938,-0.163669262367346,0.0999999999999996
102,27.8041293698873,0.474823166646592,-0.106354201954961,0.300000000000001
103,28.1487277984526,0.66126509706459,-0.31707328397394,-0.5
104,30.6877864191309,0.575762677907522,0.307283175012846,0.300000000000001
105,30.5556017214239,0.0136566666309959,0.169856904756487,0
106,24.6267271932864,0.300580084888305,-0.0303991617923275,0.9
107,28.0005957431744,0.389547163560379,-0.139120321947028,-0.699999999999999
108,29.7582206177222,0.55633422221509,0.103119592600207,0.4
109,28.6888343238957,-0.436689064238697,0.0268308687851331,-0.199999999999999
110,29.9081238555026,0.0342662817812115,-0.170874960010601,0.600000000000001
111,28.4841257108638,0.0696011981795786,0.0802919702673786,-0.300000000000001
112,34.2656434417358,-0.270549464264747,0.319758782120871,0.4
113,21.1657458101538,-0.314200203585674,-0.297418695591525,-0.300000000000001
114,32.7960579118932,-0.56681535086636,0.0101344048071545,-0.300000000000001
115,22.4527138410481,-0.0848548521848057,-0.0167127834891947,0.199999999999999
116,25.0051456582775,-0.464878198300032,-0.492885036208962,0.199999999999999
117,22.5449475904926,0.0528047734756015,-0.341423681201316,0.300000000000001
118,27.4252340819095,0.234751271197881,0.357955296587203,0
119,23.7157974318956,0.0776645294575307,-0.67113811848083,0.199999999999999
120,30.7567309031813,0.131928750004562,-0.0765217499913244,0
121,24.0697405791428,-0.146944884346238,-0.515730589245651,0.199999999999999
122,21.5217900358439,-0.232176389372109,0.186673252049805,-0.699999999999999
123,28.2687050187979,-0.162578455263482,0.0808712195111215,0
124,27.0263388847986,-0.0958105645978782,-0.486029329834963,0.300000000000001
125,31.7022433661707,0.358199883969803,-0.257450140801268,-0.300000000000001
126,34.3769710801649,-0.194749230131163,0.36677018888174,0.199999999999999
127,25.922307134539,0.111325787384524,0.205014655895523,0.0999999999999996
128,34.4655296162713,0.147084980471612,-0.361856976161729,-0.0999999999999996
129,29.6093959799274,-0.0250312558613791,-0.0655711798544395,0.800000000000001
130,28.9546302181615,0.22820220766999,-0.199682892701165,-0.300000000000001
131,29.8249215971586,-0.117553435172656,-0.297007328242671,0
132,26.468038879049,-0.0609946439856958,-0.165374596225551,-0.300000000000001
133,28.8118584294455,-0.437013774466078,-0.241296159781807,0.300000000000001
134,26.5751299049156,-0.0433576193875612,-0.177811258210743,1.4
135,29.0171208089858,-0.0223385555797348,-0.131075744452937,-0.5
136,29.8825138280939,-0.383625735317818,-0.00655837500816795,0.5
137,28.4501418076154,-0.285449087631029,-0.0621874014336526,-0.199999999999999
138,28.2995152775367,0.0848670833118193,-0.0908518797128618,0.0999999999999996
139,27.1606504557776,-0.0950803165694537,-0.168193099295345,0.4
140,27.3003047330309,0.186228239242528,0.2604672896399,-0.0999999999999996
141,30.5250266339689,0.107582056691673,-0.345718007120115,-0.5
142,25.5959212961073,-0.14206841552242,0.00911857217201913,0.5
143,24.9706364126694,0.0753782447476651,0.265731859090122,-0.0999999999999996
144,25.4920940641444,0.237317708304572,-0.107282395828751,0
145,23.4526309216974,-0.0713310344994609,0.336934965506563,0
146,24.4612838024118,0.0128986780803827,0.0688212013582776,0.600000000000001
147,29.9353080228123,0.319650982988131,-0.264725358507598,-0.300000000000001
148,25.0820968288784,-0.0358368310784456,-0.533785039871154,0.600000000000001
149,24.2081379639711,0.128757520101695,-0.247612340624708,-0.699999999999999
150,28.7711178568811,-0.39558100001121,-0.717438166669619,0
151,26.5479134534184,0.189126384065658,0.0179930702123233,-0.4
152,26.3772030133098,-0.101235078966492,0.0620568384863801,-0.0999999999999996
153,30.4608779040136,-0.308351620958315,0.466897582341458,0.0999999999999996
154,26.0287696815721,-0.12127881822052,0.0719630623353039,-0.0999999999999996
155,31.9032176856229,-0.0511309677390713,-0.148011290328272,0
156,27.5996668052173,0.0648337820437224,-0.308488611546947,0.199999999999999
157,30.2422090561605,-0.134595742048196,-0.158390795862885,0.300000000000001
158,23.4013813235134,-0.304711727858394,0.0430941537948547,-0.600000000000001
159,21.3559028712544,0.0845737106953304,0.170006047797611,-0.4
160,23.4874457067535,-0.0104517562498962,0.0950364434432194,0.0999999999999996
161,29.0748187460616,0.180151711138806,-0.198819075471171,-0.0999999999999996
162,26.7409243236275,0.0119289629060422,0.000204519431535726,-0.0999999999999996
163,28.9266931776737,0.200462196302131,-0.0373247816005836,0.199999999999999
164,27.6558440646896,0.00269484754316529,0.284744640242681,0.5
165,25.5923038959919,-0.217091809071881,0.0730443994084574,-0.0999999999999996
166,32.889081373556,0.136611075276104,0.0986728764832077,0.300000000000001
167,26.5583274218858,-0.0218181557269537,0.259739935332444,0.4
168,28.749103398947,0.156139285716656,-0.186418839298597,0
169,25.9397341899249,-0.464017455656533,-0.117721360969647,0
170,25.3745967375103,-0.207911567662055,0.109118504421493,1.1
171,26.6610678990177,0.190063304063232,-0.0495005005859306,0.199999999999999
172,32.8062037131955,0.617254883694478,0.292987202029767,0.5
173,29.8461443148811,-0.257513965298827,0.121892677449552,0.4
174,28.8634683699399,-0.31106215519868,-0.0617385014448877,-0.5
175,22.9367994523804,-0.371190240015145,-0.474309653714045,-0.0999999999999996
176,22.7635112584612,-0.0446694318521472,0.190303551131275,0.700000000000001
177,29.704111736731,-0.354225881378811,-0.098239323741479,-0.199999999999999
178,27.6024187193502,0.118141224747939,0.0623412179749678,0.800000000000001
179,26.3383192080261,-0.0990896787683064,0.259536042190177,-0.0999999999999996
180,27.6102679080318,0.433603055544691,0.093629555549689,0
181,25.1845362047903,-0.199565524893809,-0.233981869607773,-0.4
182,27.5182034747351,0.0127534011099172,-0.184519696152282,-0.199999999999999
183,29.9559431868439,-0.0450491803549967,-0.297213114746477,0
184,26.404291236782,-0.0830197826329397,-0.0809799195771177,-0.4
185,28.0777256267287,0.221410540515646,0.0184866486352108,0
186,25.4399736928136,0.00866365590926791,0.125536105369249,0.300000000000001
187,30.4595759483328,0.189634513358357,-0.158416360440484,-0.199999999999999
188,27.9202957341596,-0.193560768628026,0.110068849451769,0.0999999999999996
189,26.5464755560698,0.189601931198005,-0.142809364554841,0.199999999999999
190,26.8479934480085,-0.208544534216172,0.0769899663068274,-0.300000000000001
191,25.1919565008393,-0.0287398010268131,-0.0591067628383302,0.199999999999999
192,28.356652291697,0.0323861875099289,-0.183069032570686,-0.0999999999999996
193,27.5834216805813,-0.294054308320373,-0.116363247921752,-0.0999999999999996
194,24.301448148426,-0.0650446958793574,0.052985963912556,0.199999999999999
195,21.4900627117113,0.178665169216229,-0.0650230733171862,0.0999999999999996
196,28.5248270223093,0.116525382636526,0.152672810723599,0.199999999999999
197,28.6757487679364,0.0391797969298774,-0.0862634512649288,-0.199999999999999
198,29.2484620629313,0.136490030279581,0.0639232621065385,-0.199999999999999
199,24.8681596325041,-0.408397683407775,-0.231768850252045,-0.0999999999999996
200,32.3414312864475,0.156320165016375,-0.108049732755582,0.0999999999999996
201,24.4625326791381,0.280631870601556,-0.257262207459816,-0.0999999999999996
202,29.2144975651362,-0.278362405931085,-0.0238465693283162,0.199999999999999
203,25.4634176093759,0.406814778323604,0.188979236450911,0
204,26.2638620789153,-0.168798529412918,-0.0638421078616937,0
205,29.254239321016,-0.155133865872766,0.129488927554403,0.0999999999999996
206,30.1822186074101,-0.311630541289345,-0.0173957441781618,-0.300000000000001
207,28.0101168319228,-0.132598628044861,0.061384954577742,0.800000000000001
208,31.0191502023489,-0.0231665192246693,-0.180537590386993,-0.4
209,27.5783452366649,-0.225979940231653,-0.41265794977698,0.5
210,29.4835961031253,-0.0592484190397342,0.0244629613993043,-0.199999999999999
211,27.1007592360661,-0.253116924194064,-0.0647326606624739,-0.199999999999999
212,28.0117272326446,-0.0513650330562331,-0.0857289891557655,0.199999999999999
213,27.4892280134263,-0.0954989014053273,-0.00327421408674484,0.199999999999999
214,26.6566454228777,-0.047094420548974,0.00178909602819445,0.0999999999999996
215,30.0295699331374,-0.0657366139577345,0.0327110474287576,0.4
216,25.9130430737579,0.269345365745682,0.181221306243046,0.0999999999999996
217,25.1384260650722,0.359039059913125,-0.0819504824987091,-0.0999999999999996
218,23.6575977464396,-0.00445675230855926,-0.278208814690756,-0.4
219,30.9665240017457,-0.289698025131636,-0.121028537676012,0.300000000000001
220,29.7449382758942,0.0339367704202105,-0.154228679994891,0.300000000000001
221,28.0134528802409,-0.0434694615265001,-0.243851132125224,-0.0999999999999996
222,27.7774672757038,-0.065102072118721,0.0084745002214549,0.300000000000001
223,23.4567662475021,-0.121186744414728,-0.0603399300440601,0.4
224,26.2483448724026,-0.0881364151925317,-0.0536691526850573,0.300000000000001
225,23.9867735331965,0.109792039972439,-0.129998837121753,-0.0999999999999996
226,28.3253192635381,0.161172500014101,-0.0352199389476633,-0.0999999999999996
227,25.6491554757182,-0.0699156387895528,-0.0367601982467194,0
228,29.2527185565196,-0.000658456142070868,0.0649341782921977,-0.0999999999999996
229,26.3650977976056,0.262946165929063,-0.0411037187761571,-0.4
230,26.9539834513917,0.0396631695381351,0.190273013478234,0.199999999999999
231,28.5690322710682,0.0406044112448942,-0.220476569701619,-0.199999999999999
232,26.9070937927652,-0.187422737097326,-0.181948308203184,-0.199999999999999
233,26.4171508664819,0.121522733925189,-0.13351061845013,0.199999999999999
234,25.4136295769146,-0.354550711562629,0.167420400845683,0.300000000000001
235,26.084432089636,0.213154280842484,-0.0332422229776734,-0.4
236,29.3282406574423,-0.157999928009813,0.0981591516796159,-0.199999999999999
237,28.6191457147034,0.136333213069028,0.133951610563924,-0.0999999999999996
238,25.8184089872407,-0.0290159664109094,0.0516448109226554,0
239,29.9966545056465,0.118667552310156,0.0943462625515209,-0.0999999999999996
240,27.7937655761154,0.398556137509942,-0.181631586240242,-0.199999999999999
241,27.842697470476,0.116884979236366,-0.131084806007017,0.5
242,29.4643175976551,-0.132720314060399,-0.078472622729884,0.300000000000001
243,27.3546500686535,0.013637168724528,-0.000203203716927589,0.600000000000001
244,27.8736310502064,0.191211114765634,0.048267598351766,0.199999999999999
245,27.1332504264137,-0.0345528979757873,0.00771254590793662,0.5
246,27.1774894164589,0.0108885202856653,0.0216240276360652,-0.4
247,25.8161055960648,-0.0648643684207822,-0.0700903417022955,-0.300000000000001
248,31.5469553150087,-0.0270404133111413,-0.0275402294185251,-0.0999999999999996
249,29.3263968841134,-0.411621311254078,0.283489298576805,0.300000000000001
250,28.1975785293918,0.0714174379692452,-0.162504568606948,0.0999999999999996
251,29.9294694756201,0.26598697212472,0.0363537340432434,0.5
252,26.3567076124479,0.137645444425742,0.10211536030895,-0.4
253,24.1847199265912,0.198510877475841,-0.145249290133047,-0.4
254,25.9041066634604,0.167731757852009,-0.0527300767723098,0.700000000000001
255,26.4933724941139,-0.167978170602799,0.099264972545538,0.300000000000001
256,28.6039416021279,-0.21391151367281,0.0271576279338298,0.0999999999999996
257,28.8441847501177,0.053436821007024,0.0644390435706838,0.300000000000001
258,27.8558470191214,-0.13599381009402,-0.0530427306256871,-0.199999999999999
259,27.209198091472,-0.0558072393984382,-0.112104759076956,-0.199999999999999
260,24.3005879536759,-0.365240776944977,0.275884629999805,0.199999999999999
261,26.3998770370821,-0.0032875574878162,-0.187445937754333,-0.5
262,26.7822585792855,0.0664921183120021,-0.263470848291132,-0.0999999999999996
263,25.6694633038499,-0.118479186328032,0.00113119695472609,0.600000000000001
264,30.1172022365966,-0.283589753787589,0.193005766674608,0.600000000000001
265,25.9483655527948,-0.0195962000030889,0.265478320367018,0.199999999999999
266,25.9750292678762,-0.16937735341053,0.0158839902239047,-0.199999999999999
267,25.9497046814315,0.384889528078646,-0.219603555058467,0.0999999999999996
268,24.9729149859019,-0.00130561196470399,0.10402469366112,-0.199999999999999
269,28.2525399511901,-0.453108423817217,-0.117810192946982,0.0999999999999996
270,27.3735612936167,-0.341624872244942,0.156038508146836,0.0999999999999996
271,29.8310820922004,-0.2428018450253,0.0522286715721206,0
272,27.4791592156776,-0.0795038382289866,-0.35240194119357,-0.199999999999999
273,27.3339599695061,-0.0121440292880958,0.236745123076589,0.600000000000001
274,28.6362779846939,-0.196848875913807,-0.117002237045492,-0.0999999999999996
275,29.7322772194535,-0.264293818180373,-0.239556327280545,0
276,28.1084459498329,0.187284474627939,-0.0273259320707973,-0.5
277,30.1138943550748,-0.0713916516460398,-0.0886123646238437,0.5
278,29.0967294272688,-0.230255420865167,0.105058476620584,-0.199999999999999
279,25.7116325266456,-0.31982564876314,-0.220316202162565,-0.4
280,26.3717318529491,0.167354464292962,0.0339343571426858,0
281,27.5642091872418,0.0985759786345549,0.0491070462528706,0
282,31.8265102088159,-0.0692810283922238,-0.142330407800706,0
283,29.8069975607511,0.0919674081112784,-0.235945197701777,-0.0999999999999996
284,30.1627331032369,0.324241084505427,0.0582417732349733,0.4
285,30.218641528188,-0.00491956140623136,0.134287729825993,0.5
286,27.1786443887745,-0.00798937064963376,0.0355590447602632,0.4
287,26.3768893508289,-0.011542273521411,0.0500604057599986,0.0999999999999996
288,27.7227523590935,0.152035763906828,-0.0521605902729464,0
289,28.139824867092,-0.127772207625761,0.0481448782082388,0.800000000000001
290,27.1300991524979,0.13771547241988,0.0938581810302585,0.0999999999999996
291,27.8336118302414,-0.147429553288527,-0.0169506357406975,0
292,29.4963298252575,-0.151149409246494,-0.119228685608363,0.300000000000001
293,26.3300046471438,-0.0703034949075543,-0.212198999334149,0.4
294,27.0729335571111,-0.200137236414697,0.0223626639381545,-0.300000000000001
295,32.1484656536859,-0.166393877972259,0.0305092033962869,0.0999999999999996
296,28.7537175193499,-0.0602130608301529,0.0498333413818183,0.0999999999999996
297,29.4324576158385,0.0658370235448415,0.00947308821535349,0.4
298,29.5237463793917,0.181556033562217,0.078604266447093,-0.0999999999999996
299,27.4232223237364,-0.151152508384405,-0.194030451512844,0
300,24.7377742564997,-0.226824693375178,-0.194495563835607,-0.300000000000001
301,30.1532918576601,-0.338838205979915,-0.0354600498297941,0
302,23.1070820229151,-0.204842885760598,0.0240940473436543,0.0999999999999996
303,28.1156772084454,-0.0577446930818213,-0.0803781867943819,0.199999999999999
304,27.7970455592189,-0.108531657893239,0.189378861682606,0.0999999999999996
305,28.0782734834616,0.16402969835765,0.0117072709858654,0.300000000000001
306,23.7108464704345,-0.0643209771515014,-0.160821470905617,-0.0999999999999996
307,29.1133501080779,-0.0203377296602823,0.267467431599445,-0.199999999999999
308,28.0075967757686,-0.0152629789295622,0.156747063475063,0.0999999999999996
309,29.918578363593,-0.242122653752878,0.0869457443408465,0
310,28.4468600568058,-0.332308332258344,0.237365369667208,-0.199999999999999
311,26.7521665061434,0.233550636648043,-0.00171443599940068,0.4
312,30.2572792488454,-0.140458987215284,-0.202252117322365,-0.300000000000001
313,28.5302593931369,0.0774627795359162,-0.0259636262121411,0
314,26.3676666764185,-0.0827735843941197,-0.0256005542926465,0.300000000000001
315,27.2303722358832,-0.188605152398743,0.137813365069785,0.199999999999999
316,27.6932674484237,-0.0989736977920366,0.137454456323749,-0.300000000000001
317,27.0332051464383,0.132147454256422,-0.343701014502423,-0.699999999999999
318,28.0136051772681,0.10851299997545,0.301457035530131,0.300000000000001
319,27.2691140428245,-0.0585947413799836,-0.154265808937191,-0.0999999999999996
320,28.3176512538437,0.21706671406434,-0.133684635310127,0.0999999999999996
321,27.7580013598283,-0.489928501565595,0.17506673487719,0.600000000000001
322,29.3987987852745,0.0913980419228713,-0.046158042697204,0.300000000000001
323,27.7689929155368,-0.0565974953622328,-0.0703949554377452,0.0999999999999996
324,25.7770209828767,-0.010818904321796,-0.253610449079501,0.0999999999999996
325,26.6880013468014,-0.0512156092607414,-0.094488125241893,-0.199999999999999
326,28.1715513711179,0.0377386165687424,0.00919783834104619,0.199999999999999
327,27.3113739230738,0.0275374617983055,-0.0808335321146777,0
328,27.7668466382004,0.0681914039346046,-0.094287005331263,-0.0999999999999996
329,27.1174369159589,0.0458458176378782,0.052461586007761,0.199999999999999
330,28.6841331103212,-0.116118018172012,0.0366797434804056,0.300000000000001
331,27.0891244209728,-0.123579824767562,-0.0518358368601601,0.199999999999999
332,28.2664436296514,-0.0455860948830924,-0.137956272742154,-0.0999999999999996
333,30.2980657050429,-0.0271549384437152,-0.0271896977500033,0.0999999999999996
334,30.6510528118713,0.161053444597859,-0.248518989374717,-0.0999999999999996
335,27.789815487621,0.432717667147439,0.153819950586726,0.300000000000001
336,28.0282301457362,-0.00659092264575025,0.000594583332833682,0
337,27.3045720400847,-0.100318017811648,0.163068916318913,0.4
338,28.7971761255245,0.0160266627269667,0.090061076916819,0.199999999999999
339,26.8710145943087,0.196588141577919,-0.292798966384682,-0.0999999999999996
340,30.0010248242521,0.0374632352768558,-0.00683407353505191,0
341,28.966999184987,0.00781845305671704,0.0320123643627062,0.5
342,24.4093979684863,-0.156784356740629,0.0737886233907025,0.199999999999999
343,27.3280391687427,0.220392104947093,0.00135810931536375,0.199999999999999
344,26.4962385536233,-0.177232209299144,0.0331944999927281,0.300000000000001
345,29.1342114425917,-0.0127374724841097,0.0511264162261558,-0.199999999999999
346,28.6717187059404,-0.0753561054943125,0.106548442926064,0.5
347,26.9762303966824,0.00670799566597647,-0.131949865279644,-0.0999999999999996
348,28.3427696715919,0.116110982745367,-0.145786661501797,-0.199999999999999
349,28.6238570036629,0.0474039111900454,-0.29242916103293,-0.199999999999999
350,25.1800685800154,0.199680354287872,-0.033748469716122,-0.199999999999999
351,24.9730118735192,-0.0795854985711099,-0.0735955306176641,0.0999999999999996
352,26.5446222647243,0.332970738633779,-0.0660836079494328,0
353,27.8797557249614,-0.0923344589166526,0.155317934276375,0.4
354,27.1302122472933,-0.0536101695134556,-0.15011590396052,0
355,29.0390530344689,-0.0387626253424495,0.153365605631295,0.4
356,28.8375664090028,-0.00460057585375798,0.237125714037318,0.300000000000001
357,27.3340503180817,0.0741543417152105,-0.0656798459414272,0
358,28.1369284854522,0.211008972035494,0.0554955276604706,0.199999999999999
359,27.386332970385,-0.134844150432325,-0.049385752086495,0
360,27.9453016982217,-0.108468893073422,-0.204765766807006,0.0999999999999996
361,28.2870573034724,-0.080187559558973,-0.0671250975095244,0.199999999999999
362,26.0891507574297,-0.130762041461079,0.0522281276340244,0.300000000000001
363,26.6284604354373,-0.0110673030239055,-0.0980048297546005,-0.0999999999999996
364,29.3012987614303,-0.0178471565997613,0.153630116067213,0.5
365,28.7140927113217,0.134135734242669,-0.102217180551848,-0.199999999999999
366,30.6084751728734,-0.241435928974617,-0.218450573780207,0
367,27.600158893933,-0.161537068119696,-0.0265063705747527,-0.199999999999999
368,29.0580058861543,0.125954385876105,0.0897199020327458,0.300000000000001
369,29.0616480572085,-0.16014579948549,-0.0756752168157458,0
370,26.4497786247359,-0.13630434055919,-0.100829585537118,-0.0999999999999996
371,28.3872128838042,0.0244949676311231,-0.0360378394999812,-0.0999999999999996
372,25.0560422132868,-0.0779951612742942,0.144643884398736,0
373,24.6411533203351,0.057347184977744,-0.0138955362024064,0
374,25.4881490783434,0.0237048489214173,0.0505563588170294,0.300000000000001
375,27.6828850176137,-0.207815466670051,0.0242587200062871,0
376,28.6460909783869,0.134468961439576,-0.0338803276551055,-0.300000000000001
377,30.2244302157897,-0.0999773952293448,-0.0753253332991505,0.0999999999999996
378,26.3363475767742,-0.103392165361079,0.00797062776497581,0.300000000000001
379,27.5474636868689,0.0135039287425115,-0.0900006881327009,0.0999999999999996
380,27.6990980143655,0.329005921042686,0.0610544342175732,0
381,28.7658138217446,-0.148021784791196,-0.00556324147484208,0
382,25.0632071046562,-0.255939023562107,0.106635944494711,0.199999999999999
383,28.6740865552366,-0.18221436033019,-0.0323967232375784,0
384,27.803096838165,0.118416580733971,-0.0704016825577858,0.199999999999999
385,27.051713246269,-0.0712528013215073,-0.0708159206421801,-0.0999999999999996
386,28.2303462980021,0.0168880233139364,-0.175508341076445,-0.0999999999999996
387,28.1896470466558,0.000607581371536628,-0.00841653642852739,0.199999999999999
388,29.0351430363275,-0.0212253608340269,0.125209311340724,0.4
389,26.5580692541362,0.0385368894562916,-0.0110786632314737,0
390,27.1679661803852,-0.168909662839485,-0.244303441291931,0.300000000000001
391,28.0684852965364,0.0464618810589729,-0.00645228516168703,-0.0999999999999996
392,26.8617608847274,-0.0094417066484439,-0.0608441403056592,0.199999999999999
393,27.774185300018,-0.0553244376688022,0.206868209669258,0.4
394,27.2595993491971,0.0978573793996678,-0.0495845050808986,0.5
395,26.9809672372296,-0.0191108455936009,-0.133836791518248,-0.0999999999999996
396,27.0804170141928,0.0157470037632566,-0.0375650305651013,-0.0999999999999996
397,28.2648369570225,0.0914149042720688,-0.0822524055421256,0.0999999999999996
398,29.7178434865267,-0.00718668343596043,-0.159399962319847,0
399,27.0936652867202,-0.0318604573988275,-0.022714724186115,-0.0999999999999996
400,27.65272414911,0.118902866238066,-0.0104950791301928,-0.300000000000001
401,28.0301297276637,0.0694823827760543,-0.152906691648379,-0.0999999999999996
402,26.231581614881,0.0358130758568234,0.0366154291103964,0.0999999999999996
403,27.726921210698,-0.108010947892425,0.177570476920683,-0.0999999999999996
404,28.1185061059057,-0.181064082939808,-0.230139324501699,-0.300000000000001
405,26.4229110867545,-0.192471422245345,0.21953881185919,-0.199999999999999
406,28.1717923785158,0.207347142838797,0.0908887328763461,-0.0999999999999996
407,27.1954600994537,0.145412605634888,0.0462409205235646,0.0999999999999996
408,28.4998344570312,0.0746423921534486,0.111112653918262,0.4
409,28.8816966566932,0.0442383520652919,-0.131052061872064,0.0999999999999996
410,26.5638508668138,0.0175887987769737,0.147116340120148,0.300000000000001
411,27.2218482756778,0.0135156167706432,-0.142065416411892,0.300000000000001
412,28.6066341296137,-0.0584752718533393,0.0242900621305781,0.4
413,29.1817245861818,-0.197197484290257,0.00859185835685098,0.0999999999999996
414,28.8435446123854,0.107807729451945,0.0555434299451518,0
415,29.3467112650194,-0.146876209652534,-0.068367078800451,0.199999999999999
416,27.9030466110257,-0.124302822139685,-0.061486566106281,0.199999999999999
417,27.7875512938573,-0.197934637900587,0.108731732256625,0.0999999999999996
418,26.3713837245559,-0.021224133985212,-0.0244339451034229,0.0999999999999996
419,27.868249072057,-0.0111119570405651,-0.0512029892575767,-0.199999999999999
420,29.1911526119186,0.0552445285534088,0.0968219964227621,-0.199999999999999
421,25.1386345306516,0.030626033243343,0.0127825047535607,0.0999999999999996
422,26.7762479290603,0.0289285378872607,-0.0906380191916466,0.300000000000001
423,27.3073367007212,0.00296325293664028,-0.135225265487772,0.199999999999999
424,25.7109591181803,-0.0446127264130539,0.141858683013651,0.4
425,26.635074225304,-0.198491347060279,-0.176343860590369,-0.5
426,28.9710235889442,0.036394478874166,-0.0302584885016127,0.199999999999999
427,28.9247540428819,-0.0544208946306337,-0.183896391575043,-0.0999999999999996
428,29.329742034926,0.0434844392397351,-0.195875993460587,-0.4
429,29.0436256860548,-0.0896668834486939,-0.246221133691843,-0.0999999999999996
430,28.0819397508451,0.0909471976524269,-0.0161640029023857,0.5
431,26.4399889733805,-0.182493406050826,0.0726033781845137,-0.0999999999999996
432,27.4102135831411,-0.103275578716083,-0.0290824305592418,0
433,29.9728917483417,0.192581210157232,-0.14455929769743,-0.199999999999999
434,26.3777614363005,0.0638434078285435,0.0550204695808374,-0.199999999999999
435,27.5847308592885,0.0911516172521452,-0.0673583747194353,-0.0999999999999996
436,28.5570427096331,0.204596444947233,0.0018520412701921,0
437,27.1460545296352,0.128517935897295,0.0599810228779821,0.300000000000001
438,27.4019384230799,-0.131524849334566,0.0735069181483503,0.300000000000001
439,29.5172283586278,0.240863511380145,-0.132262345449155,0.0999999999999996
440,28.4246401926863,0.221139977259309,-0.0780248352361891,0.0999999999999996
441,26.9630499257652,-0.164577456942555,-0.0378068879788984,-0.0999999999999996
442,29.4393508096811,-0.134168212679834,-0.155295656123036,0
443,27.8693314699111,0.0326988713138654,-0.124976365691323,0
444,28.3936782781517,0.107615163278892,-0.0108792185762439,0.300000000000001
445,28.0777505888669,0.041868144921305,0.113630287962156,0.300000000000001
446,27.8013570465819,-0.0332412174909806,-0.0800788685047817,-0.0999999999999996
447,28.2632743136002,0.016921297526961,0.0361370430529951,0.5
448,28.9170607261373,0.0075453727511451,-0.0246625578210123,0.199999999999999
449,27.1020304887325,-0.141500651462306,0.0878608935432673,0.0999999999999996
450,27.329275584481,-0.0512190911069392,0.0479674316612567,0.300000000000001
451,28.8535492427661,-0.241109833730223,-0.219836749118953,-0.0999999999999996
452,27.560652726221,0.0727484513251322,0.0877393805153593,0
453,26.5970249452481,-0.11963158501191,0.0777532633491507,-0.199999999999999
454,29.1970642119415,0.0643974537311715,-0.15753270463447,-0.199999999999999
455,27.8784508815951,0.0241194373416277,0.0621181353773478,0.0999999999999996
456,29.3303315988289,-0.0108558267742316,0.0943032711645667,0.300000000000001
457,28.9814092840144,-0.0592601838028359,0.102322139160452,0.4
458,26.819427500166,0.0229653569545523,-0.225311999018015,-0.0999999999999996
459,28.2403217791843,0.0654978649131871,-0.144358837042087,0.300000000000001
460,27.3108604852687,-0.101234673922983,0.0563977500001517,0
461,26.8986269052919,0.0925416648362577,-0.238177553245502,0.0999999999999996
462,28.0130000212921,-0.11890763745724,-0.0041549751163509,-0.0999999999999996
463,25.9514064099577,0.0480517278501857,0.020958628515253,0
464,28.1037254672746,0.0625666282311544,-0.0595812307203893,0.0999999999999996
465,29.1941962769573,-0.00502357206007905,0.105774535158374,0.300000000000001
466,28.5627379625024,0.100728349766311,-0.109018318558809,0.0999999999999996
467,29.5516771619976,0.0718947805263267,-0.00139445428069256,0.300000000000001
468,27.3676997640437,0.13969118053576,-0.00985199829186602,-0.300000000000001
469,26.2026477189695,-0.0390010256066975,0.0366090854974122,0.199999999999999
470,27.8176183868772,-0.0946528744858228,-0.0891185532971935,0.0999999999999996
471,27.980938557052,-0.0743236730385619,-0.109214511683918,0
472,27.0328300604082,0.0905581610058315,-0.139659335174023,0.199999999999999
473,26.606864569679,0.160369847751177,0.0199268275892991,0.300000000000001
474,28.2033336436408,-0.0514576898996966,-0.00496064620271762,0.199999999999999
475,28.9914626596501,0.118319578939164,-0.103294484217922,0
476,26.8065084575886,-0.0482221334118471,-0.049156774375619,0.300000000000001
477,27.7952856038759,-0.133692767300403,0.0243276939129378,0
478,26.6082609856756,0.0586131945433893,0.0386436403747507,0.600000000000001
479,27.5199827583595,-0.0576928497096407,-0.259420207937696,0.199999999999999
480,25.6932193641286,-0.0824670833325196,-0.0926776041672757,0
481,28.1195042535124,0.0744209979075331,0.0265314656948785,0
482,27.9727623408376,0.0589829875335243,-0.0371328941916745,0
483,29.8962807955516,-0.0765734824078659,0.0285443892290468,0.4
484,26.9975959409431,0.0242661229262523,-0.140430563534776,0.0999999999999996
485,27.2189251864997,-0.054710659823621,-0.0956830496951995,0.199999999999999
486,27.5752575623999,-0.156646082323282,-0.0217694773733201,0.4
487,27.0969304168727,-0.125184638625654,-0.114798382653895,-0.0999999999999996
488,29.5109578878343,0.270517110625387,-0.0249711372941863,0
489,28.0348247408656,-0.111592535806359,-0.0569078323126129,0
490,26.4577574161557,-0.0350465347007893,0.0257405717407948,0.0999999999999996
491,28.7396695924923,-0.0413991853447497,-0.148085916498374,0
492,26.581519439918,0.0274423516029183,0.0742270603644721,0.199999999999999
493,29.318349955587,0.0736372809098062,-0.0159503056823905,0.0999999999999996
494,26.6850515468401,0.0288608036304538,0.0570126538485841,0.199999999999999
495,27.3697143499036,0.110067717160043,-0.156699655762779,0.4
496,27.4490382168045,-0.0804779233992155,-0.00742528225071023,0
497,28.160787655617,0.0756835010097654,0.0940038531062111,0
498,26.5142916569245,-0.00120047390674847,-0.0875636125533982,0.0999999999999996
499,26.3382927197125,0.106536789577925,0.005765085769701,0.199999999999999
500,27.1130210458734,0.11754672998822,0.157546675094444,-0.0999999999999996
501,27.3487986762289,0.116292261476823,-0.0609186854314525,0.199999999999999
502,26.6819955730786,-0.130564249007072,0.0627982828620749,0.199999999999999
503,28.0151931536499,0.00360295823855339,0.0802352911537227,0.0999999999999996
504,26.9784474296122,-0.10449418155866,-0.063111170341421,-0.0999999999999996
505,28.3399665215353,-0.0151647198214643,-0.0973718643604847,0.0999999999999996
506,29.3055496247408,-0.00814079548894187,-0.0764313761963606,-0.0999999999999996
507,26.9807562604441,-0.109865399415718,0.0432931629239642,0.0999999999999996
508,25.8137019754147,0.056312777575467,-0.100249968111656,0.199999999999999
509,27.6006718710227,-0.023654764254888,-0.0875884095318615,-0.0999999999999996
510,27.491756460727,-0.00635774904244678,-0.0085135780387739,0.4
511,27.064596975953,-0.104007142862871,-0.0271929158548799,0
512,28.9254778429566,0.0289902910068085,0.190415243647588,0.0999999999999996
513,28.7999410892125,0.0239868420888583,-0.0484659746641951,0
514,27.6525652132056,-0.0682711264816058,-0.0450315690722368,0.199999999999999
515,28.3255852832023,0.0394751398135674,0.0343707190366202,0.199999999999999
516,25.538713631319,0.127862939927607,-0.113967605042272,0.199999999999999
517,26.3835819121998,-0.0805152147134749,-0.0347529787328213,-0.199999999999999
518,27.0854593868248,0.00768843724237006,-0.108140219695637,0.300000000000001
519,26.9738144562391,0.0756511753092894,-0.0654853664797298,0.199999999999999
520,27.7204484138086,-0.0210450115600972,-0.140787923466453,0.199999999999999
521,25.2155126586283,0.00169720151952085,0.0886326729370935,0.300000000000001
522,25.3656654546407,-0.0727634243506357,0.023161096264991,0.5
523,26.7861908025517,-0.0527169990497971,-0.0282111807886338,0.300000000000001
524,27.9659872746213,0.0206802700336632,-0.0216449350214314,0.0999999999999996
525,26.0479449516423,-0.0719842485777836,-0.0575041378139861,-0.0999999999999996
526,27.7380671585073,0.189170134013178,-0.0229765044726139,-0.0999999999999996
527,27.6563382479849,-0.154889115762315,-0.0389428242882238,0.4
528,26.2419976568628,-0.0885882575861853,-0.0993837689410741,0
529,27.1340581941945,-0.0519391427452603,-0.0313173970693694,-0.0999999999999996
530,27.0883862127906,-0.0964793056640511,-0.257560110849291,0.0999999999999996
531,27.0381344313243,-0.041374858768557,-0.0173294821144632,0
532,26.6965036844395,0.0475484943378334,0.0068393719869708,-0.199999999999999
533,26.4769025408014,-0.075220352741852,-0.00923403527356553,0.199999999999999
534,26.1250530784918,0.0302310823795139,-0.139978278466633,-0.300000000000001
535,28.7128724330099,-0.158505226169826,-0.085735912995711,0.300000000000001
536,27.5863357419592,0.0497828992463232,-0.0764936863901744,-0.199999999999999
537,26.5023125987525,0.126836539101231,-0.132646788739988,0.0999999999999996
538,27.1570071794284,-0.0601274721356873,-0.0448314676626637,0.4
539,25.0952391573375,-0.0959660213495089,-0.117175031172575,0.0999999999999996
540,27.4190338204577,-0.0427621055593961,0.0943095942504178,0.300000000000001
541,28.5359243362348,-0.088761605378578,0.100271644442311,0.0999999999999996
542,26.4611691246416,0.0273252988704957,0.0510974117070601,0.0999999999999996
543,26.775401003611,-0.245332287290384,-0.00264078490220905,0.199999999999999
544,28.4426728544919,0.148025374977908,0.0305868838162252,-0.199999999999999
545,27.0722261152047,-0.0408606642347062,-0.182675689826221,-0.0999999999999996
546,28.8897396215915,0.193406318664409,0.0190693864482592,0
547,29.2114213384052,0.140205462511209,0.0611350709356139,-0.199999999999999
548,26.8689009596318,0.092621600362317,0.127174270713812,0.0999999999999996
549,28.0986642170116,0.106469763187751,-0.0684647267827816,0
550,27.6709042593072,-0.0653815309131935,0.0556614007290209,0.199999999999999
551,27.9760040232137,0.0577382340960078,-0.149938060534112,0.300000000000001
552,29.7881966167819,-0.0244886059844981,-0.0374522881368918,0.0999999999999996
553,27.3425837570382,0.0196023508083391,0.143774819162725,0
554,27.9499814831059,0.0082745252699846,0.00222646930433554,0.199999999999999
555,28.695438750721,-0.0927473423422959,0.0189606970204169,0.0999999999999996
556,26.8159685040803,-0.0408605449931348,-0.00969799218693848,0.0999999999999996
557,28.8491271724385,0.0809761247732051,-0.0688715855466151,0.300000000000001
558,26.6701566905244,-0.145509019732418,-0.0517435396086654,-0.199999999999999
559,27.6580625156748,-0.0356704901634865,0.0815066972264448,0.300000000000001
560,28.1370828817868,-0.116860962529966,-0.0724377124996575,0.199999999999999
561,28.0234951997736,-0.0557383743421507,-0.000208953917647345,0.0999999999999996
562,28.3464365694768,-0.00727366549181963,0.0936927135170156,0
563,26.945872735848,-0.0995841918372973,-0.039022593251456,0
564,28.3271561898755,-0.0801925062100158,0.0882831020363493,0.300000000000001
565,26.8409110104456,-0.0655964115336484,-0.199853829736158,0.0999999999999996
566,28.3427029907061,-0.0612032720964265,-0.0476494763309784,0.4
567,27.241387741963,0.0472189453085772,-0.0581075280441218,0.300000000000001
568,27.4731992444554,-0.0196179551150637,-0.0399765576683116,0.0999999999999996
569,29.3721450900791,-0.113215963107605,0.00116696239085849,-0.199999999999999
570,28.51305043721,-0.0114039473823611,-0.0404265526367802,0
571,28.7517312805089,0.186547548153651,-0.0294699124405305,0
572,28.2710559524879,-0.134279195819729,0.0598725087410532,0
573,29.0411529263325,-0.134911654461945,-0.12019669302108,-0.0999999999999996
574,26.3313077315106,-0.0552898240522471,-0.070458589723079,-0.199999999999999
575,29.7998925290969,-0.0300557487074116,0.0551037500855809,-0.0999999999999996
576,27.6289179126465,-0.00382968751525918,-0.0586851215221716,0
577,26.9486088331147,0.100731866545862,-0.0645250116059879,0.199999999999999
578,27.0397298409702,-0.21427569726034,-0.155099034955881,-0.199999999999999
579,26.2132042179322,-0.065154752176767,-0.0154539866220016,0.0999999999999996
580,28.0552885323171,-0.0476418207021088,0.0447563417216608,0.199999999999999
581,27.845671339612,-0.0868426798778304,0.00748115318576914,0.199999999999999
582,27.2764794408053,0.00318307558974385,-0.169344716498451,0
583,27.5703433419368,-0.108735077203545,-0.180307024019374,0
584,29.1399586429503,-0.0713027003399191,-0.092926406590228,0.0999999999999996
585,26.85776224252,0.0692378717788402,-0.141518998720024,-0.0999999999999996
586,28.803090830924,-0.0524899411382651,-0.0466773540994146,-0.0999999999999996
587,26.7562887065738,-0.0552399489013099,-0.0174688671205859,0
588,27.6403475017338,0.138786251691554,0.0189306265216733,0.4
589,28.1228806231665,0.0106468590714147,-0.0376934295512874,0
590,28.5722678314273,0.0507885542157788,-0.0595891396620964,0.300000000000001
591,27.7441019828872,0.0903972275698352,-0.147581704915732,-0.0999999999999996
592,28.0033278758999,0.111205126667852,-0.228937904730472,-0.199999999999999
593,27.1710745192463,-0.0118673693100697,-0.0564936677976959,0
594,28.0365050445985,-0.073104040409494,0.0175936868623397,0
595,28.0747842015201,-0.0727721613538732,-0.102768430251901,0.4
596,28.1404395714297,-0.0231737869279852,-0.062030632560982,-0.199999999999999
597,27.2811708324371,0.074554629802618,-0.0145955988307073,-0.199999999999999
598,27.480708750027,-0.0349167692471356,-0.0187009778468896,0.0999999999999996
599,27.7188626331828,-0.0901585142086434,-0.0686007512523966,0
600,28.2284099412527,0.144540524989386,0.0991184087401879,0.5
601,28.1974305455907,0.045475041569019,-0.100890066564594,0
602,28.5918691825119,-0.015523255821265,0.038899966779089,0
603,26.9860420154739,0.053797262830558,-0.0262861830918436,-0.0999999999999996
604,27.4863408426386,0.00385280875851225,0.0195143213448923,0.0999999999999996
605,27.9686177454084,-0.0842312396842351,-0.127823586774459,0
606,25.4863002419552,-0.064622344890552,-0.115407532676269,0.199999999999999
607,28.2806272745131,0.0405247915839091,0.00231821754837192,0.0999999999999996
608,27.0517168527741,0.0297144629897512,-0.017767447287513,0.300000000000001
609,28.2995080288194,-0.0642622331746413,-0.0371461576343116,0
610,27.4925302634055,0.0250656557245729,-0.158336811482905,0
611,28.3924271093705,-0.0252526121094634,0.179680945323188,0.199999999999999
612,27.6462383424205,0.00868956370943352,-0.0795073676507785,0.0999999999999996
613,28.498440583232,0.0629257349110797,0.0561986811541047,0.0999999999999996
614,27.535252321277,-0.0075435447902907,-0.0304319303026152,0.0999999999999996
615,27.5668016701201,0.0183281040608493,-0.048681452437159,0.0999999999999996
616,25.4054326380729,0.0928327110317516,0.0485385389584167,0
617,28.0552505560973,0.163663856552039,-0.0043356779525064,0.300000000000001
618,29.1079904541052,-0.0843436221621487,-0.0359893227312068,0.0999999999999996
619,28.9552817854449,-0.03762762519932,-0.0615928998410585,0
620,26.962541259907,-0.0774821725893124,-0.0369818855670445,0.300000000000001
621,27.8645628437871,-0.0833069686076939,-0.0628249549113324,0.0999999999999996
622,28.0684057168929,-0.117034377010087,0.0129540311910114,0.0999999999999996
623,27.5307594519582,0.0758027865102985,0.0395379370764748,0.199999999999999
624,28.3803358936722,0.0372749030474049,0.0450462998325137,0.0999999999999996
625,26.0279635321896,0.00255575999631219,-0.0796598800013726,0
626,27.416498952294,-0.109528841070032,-0.0678494068680776,-0.0999999999999996
627,27.4294040610196,0.00724649918871164,-0.100045023851962,-0.0999999999999996
628,27.9826770203683,-0.0288626281979335,0.0215398098629828,0.0999999999999996
629,28.5712136666661,0.158314546895319,-0.0403249125634001,0
630,26.7181018070844,0.200341899998189,-0.122958052065656,-0.199999999999999
631,28.3084109585464,0.0373655308839486,-0.0403798573774487,0
632,27.4775236518665,0.00115042641114659,-0.0127234604470174,0.0999999999999996
633,26.2676748689938,0.0260017266962893,-0.121999936101772,-0.300000000000001
634,27.5956672149688,-0.00568337540742064,-0.0965806167222728,0.300000000000001
635,28.1774347322136,0.0582432511660546,-0.0475045571651654,0.0999999999999996
636,29.0925613464368,0.0628721760955351,-0.0846405385223482,0.199999999999999
637,28.8131630381573,-0.0382546311017156,0.0240236577693977,0
638,28.7441692703484,-0.0107210031565085,-0.0281581269676861,0
639,27.8866113543118,-0.00735407669062005,-0.00995192817069319,0.199999999999999
640,28.7362576042259,-0.121648922668338,-0.0327284846106224,0.0999999999999996
641,27.4162619366016,0.0121535038835132,-9.64642788722826e-05,-0.4
642,27.9365605403048,-0.0550370685446297,0.00866815100923956,0.0999999999999996
643,27.0352284546685,0.0481763810204196,-0.0170900023291468,0.300000000000001
644,27.2956804649241,0.102563121095539,0.00362525621006475,0
645,27.8969453130742,-0.152159489932363,-0.00919129922382724,0.199999999999999
646,28.727151600931,-0.0551844775674134,-0.0283835890897916,0.0999999999999996
647,27.4025033197987,0.0225314914972512,-0.0679085561804822,-0.0999999999999996
648,27.0747850369678,-0.0521534544837633,0.023258556705469,0.300000000000001
649,28.1870090244557,0.026077567779237,0.0307956760400767,0.0999999999999996
650,27.4407443347671,-0.0834747069316021,-0.0121683650042297,-0.0999999999999996
651,28.5757867399982,0.0641592165745331,-0.0549969201234514,0
652,27.9970767296679,0.0341420843427218,-0.0909842573596164,0.199999999999999
653,28.3800392676197,0.0829614854382871,-0.0162597626394513,0
654,27.8355116323758,0.0512899846945935,-0.0384980963299949,0
655,27.7751352036329,-0.0503051267213029,-0.0278173374061647,0.199999999999999
656,28.5491862933758,-0.0911589138871046,0.0167443342173077,0.0999999999999996
657,27.6628855315795,-0.0629837610393539,-0.10124563288627,0.199999999999999
658,26.991768907255,-0.0582943769041541,-0.0588360638393801,0
659,27.2668493701396,-0.0467600151826346,0.0279143323203258,0
660,27.5774521126823,0.0188993962027953,-0.070176912200147,-0.0999999999999996
661,26.9905187293877,0.0221068963515285,-0.0307382757993969,-0.0999999999999996
662,27.1122098499444,-0.00825898642101049,-0.07735877704451,0.0999999999999996
663,26.5952111916958,0.113141485658428,0.0356496788049048,0.0999999999999996
664,26.3928256017765,0.00827784336579786,-0.110494385090283,0.0999999999999996
665,28.1289263988206,-0.060500432345747,-0.163509710833073,-0.0999999999999996
666,28.4999743121428,0.0188884541884555,0.00148345127516737,0.0999999999999996
667,27.7106110129813,-0.00957451199860447,-0.068782073016304,0.0999999999999996
668,28.8785058820159,0.0155239520825681,-0.0204123952093755,0
669,28.4958176198848,0.0321020179213827,-0.0574638191324721,0
670,28.1442827600033,-0.0939230970241619,-0.054857986574892,0.199999999999999
671,26.7792687020932,-0.0072018360686244,-0.0233063445610658,0.4
672,27.714054303724,0.062484895821523,-0.0597509970237003,0
673,27.4889189652606,0.0275753692199556,0.0214968769662848,-0.0999999999999996
674,27.9203094863729,-0.00451949482178631,-0.0373375787871893,0.0999999999999996
675,28.2697528406043,-0.00523385556808383,0.0392487728804901,-0.0999999999999996
676,27.2073309189066,0.0286186353440863,0.0471352411204408,0.300000000000001
677,28.5129486560977,0.0385828892033225,-0.00348195007976686,0.199999999999999
678,27.0724513010448,-0.0582314159396011,-0.122931106195496,0
679,27.5726929026578,-0.105709793834253,0.0117761855658189,0
680,28.0339818456285,0.0892304948400463,-0.00522633567098317,-0.0999999999999996
681,28.458683889079,-0.0379440528847958,-0.0297962848778983,0
682,28.4708261893144,0.116580714797808,0.0410479388511404,-0.0999999999999996
683,28.2947493524122,0.0432055688065036,-0.0624551788424522,-0.0999999999999996
684,27.6769013855831,-0.0398221111157894,-0.0228684459092807,0.0999999999999996
685,27.79545222331,-0.133165734315073,-0.0811480313179455,-0.0999999999999996
686,28.1234942057817,-0.0509760247995861,-0.0227952705560199,0.199999999999999
687,27.0303942908563,-0.0199572984169992,-0.014457848484047,0.199999999999999
688,26.4780487401923,-0.0395259985654773,-0.0506673292210784,0.0999999999999996
689,27.6192305893106,-0.0101051821614671,0.0554158427426352,0.300000000000001
690,27.4280988961499,0.0732968840410059,-0.10750388406183,0
691,27.5649744378524,-0.126690994217536,-0.0405074798854047,0.0999999999999996
692,26.8506207878224,-0.178445666927559,0.0719275335992292,0.0999999999999996
693,28.2332012298397,-0.0559840209353503,-0.0746350265522168,-0.0999999999999996
694,28.371465529571,-0.0603907139940066,0.011384122840775,0.0999999999999996
695,27.1049957717139,-0.15694090721121,0.00173026150597054,0.0999999999999996
696,25.8934597299715,-0.0132061781862582,-0.0130236278742267,0
697,27.1188564656938,-0.0505163558254775,-0.134548192250608,0
698,27.1284953460627,0.0187924254902042,-0.0122368618169786,0.300000000000001
699,27.1673617654487,0.0607967896844564,-0.0619719094486257,0.199999999999999
700,27.9928313534781,0.0250848571248647,-0.0605708351417787,0.199999999999999
701,27.5357478950601,0.074084945064911,-0.083868856282089,0.0999999999999996
702,28.1643734008056,0.0310159301897344,-0.0427294482968097,-0.0999999999999996
703,27.725759161358,-0.180377490761341,0.046165816774996,0.4
704,27.3539032508747,0.0277069602113812,-0.0880616997894868,-0.0999999999999996
705,28.0109292993029,-0.0637952482415814,-0.0304093617061134,0
706,29.3626490686623,0.00492808638872955,-0.0921469500057274,0.0999999999999996
707,28.5978729340846,0.0868512941820184,0.0046531693029939,0.199999999999999
708,27.039503835481,-0.022085292375291,-0.0590776827745155,0.199999999999999
709,29.5188880294697,0.0456972496449334,0.0512610507695014,0
710,27.0349768022731,0.0677163711164982,-0.084294943805569,-0.0999999999999996
711,27.6803630269926,0.0745815871880355,-0.108103247397863,0.0999999999999996
712,27.6939682041491,-0.0497401158841678,0.0886604211385511,0.0999999999999996
713,28.0663854644018,-0.106509396927504,-0.0200110589095919,0
714,27.9750656741176,0.00509225629197259,-0.0878738515372346,0.199999999999999
715,27.4258344798151,0.0427912657135659,-0.0539004146876092,-0.199999999999999
716,27.5113179203658,-0.057087386185204,-0.11128678980414,0.0999999999999996
717,27.4030877110629,0.04707859133844,0.0340792468593032,0
718,27.4435964506673,-0.0951297242612638,-0.0428148220781578,0.0999999999999996
719,27.3675112411592,-0.0205781210139534,0.0364422888721112,0.199999999999999
720,27.5089090171121,-0.12726095279017,-0.0256781456295633,-0.0999999999999996
721,27.2525673086403,0.0465497163491411,-0.0685612699765912,-0.0999999999999996
722,28.4268463866899,-0.01633678947878,0.0314117538748057,0.199999999999999
723,27.9539490105949,-0.0470449308509731,-0.0878947556775817,-0.0999999999999996
724,26.4835826980594,0.0398642720801717,-0.0818553276258521,0.199999999999999
725,27.9853487961818,-0.12146875862178,-0.0593225172451639,0
726,28.2908365243936,0.025553177684628,0.0852153057856908,0.199999999999999
727,27.1561989875403,-0.0228781980752985,-0.0740003782712557,0
728,27.3542325517589,0.0507142176981317,-0.00392426915884914,-0.0999999999999996
729,28.0813539564645,-0.0332188422603359,0.0255327290807692,-0.199999999999999
730,27.1879531878218,-0.108855576722883,-0.0734056380878979,0.199999999999999
731,27.4500661087028,-0.115129251029781,-0.0368533191550749,-0.0999999999999996
732,27.1317241571301,-0.0178333333450743,0.03641516393636,0
733,27.671067865908,-0.0906437523980153,-0.11090995505245,-0.0999999999999996
734,28.5282666480317,-0.0285453944235167,-0.138343227462719,0.0999999999999996
735,27.5944706821465,-0.00286802721907221,-0.0756984013600855,0
736,28.4609648495097,-0.0102135869626553,0.022379055704704,0
737,28.2875215774193,-0.00867001358208714,-0.0154578833113117,0
738,27.7715084663085,-0.0637156321307048,0.0304307695804546,0.0999999999999996
739,27.4680719914134,-0.121171018947828,0.0379406286852642,0.199999999999999
740,27.1339034426471,-0.0339692581069803,0.00536608229480165,0.199999999999999
741,26.4329212702259,-0.0966421052803789,-0.0605425236189242,0
742,27.7284093508213,0.0220999460836788,-0.0785049179958933,0.0999999999999996
743,28.7646759386331,0.0200016143925325,-0.074681292467374,0.0999999999999996
744,29.0320740843492,0.00808128829839679,0.0266135055733356,0.0999999999999996
745,27.3737812038168,-0.00549883222116392,0.0017273244271246,0.199999999999999
746,27.9807120065707,0.0349624825675019,0.066142893292895,0.199999999999999
747,27.7990033930515,-0.0977920374898571,-0.0398569117869317,0.199999999999999
748,27.4753277618981,-0.00933689572501586,0.0152528367620103,0.199999999999999
749,28.1842668061004,0.0316483297597569,-0.0357638596152312,-0.0999999999999996
750,27.4452438152238,0.0259059999791589,0.0202750266647437,0
751,28.3839989259157,-0.022052539948786,-0.0323416839590315,0.0999999999999996
752,28.0349996403611,-0.0488451203524804,-0.0513105314503973,0.0999999999999996
753,27.7609273435136,-0.105620185935469,-0.0606729017329771,0
754,26.8502121970572,-0.0811557467078307,0.0199657291098757,0.0999999999999996
755,28.4237084510888,0.105481001977678,-0.0649787556314848,-0.0999999999999996
756,27.6750243226461,-0.0300404431384482,0.00981581878181692,0.199999999999999
757,28.3718315951779,-0.0533999035747129,-0.0543113788690729,0.199999999999999
758,27.6875277165786,0.0371523073683401,-0.0624480864149734,-0.199999999999999
759,27.4295477982915,-0.0492423162263693,0.0101181034214797,0.199999999999999
760,28.1477161723786,0.0406932999905918,-0.0698722244118973,0.0999999999999996
761,26.8756171713532,-0.027256504607952,-0.0595409264115888,0
762,27.6483848602712,0.0375352125923357,-0.0275322042666862,-0.0999999999999996
763,27.4487138766976,-0.0932256264839273,-0.0636338005903556,-0.0999999999999996
764,27.5375605975838,0.00151275980822148,0.00767202374966005,0.300000000000001
765,26.3091758831955,-0.0152994843271582,-0.0272347224219674,0.0999999999999996
766,27.2730954185716,-0.0110041932223914,-0.0388447891644234,0.199999999999999
767,27.271157540358,-0.10105573663764,-0.147420893089931,0
768,27.0001353999522,0.0857843912597892,-0.0411646845726634,0.0999999999999996
769,27.5306534658028,0.0649962327564211,-0.14150057113293,-0.0999999999999996
770,27.9856909597305,-0.113780320787517,0.0202098253199329,0.199999999999999
771,28.3523514805825,0.0239373540723376,0.0147961348827525,0
772,27.2864564324959,0.0814926165632201,-0.0506775129549783,0
773,28.3082648211585,-0.0125617076433742,-0.0372350388123819,0
774,27.4970274585081,0.0667018087734285,-0.0474953875968973,0
775,27.3979899518516,-0.0380723825961585,-0.0559978078749672,0.0999999999999996
776,27.4091873798228,-0.112079832499481,0.0484442268037107,0
777,27.9617872214488,-0.00827769241877545,-0.00835164176811188,0.0999999999999996
778,27.7800996929969,-0.0707977185177679,0.057420652180944,0.199999999999999
779,27.2361339809995,-0.0174530443089173,-0.00995578473034127,0.0999999999999996
780,28.2486605362722,-0.0412671794946799,-0.0600590320555574,0
781,27.1192792554717,-0.0669841651832109,-0.0954236912343274,-0.0999999999999996
782,27.7821364752262,0.0349212045924695,-0.0385530467399579,0.0999999999999996
783,27.9068711646705,0.0324727688244682,-0.0600952421482354,-0.0999999999999996
784,27.1997458675443,-0.0214774005260306,-0.0488249441364963,0.0999999999999996
785,27.285154240109,0.0471830802488458,0.00640936534831756,0.199999999999999
786,27.9234993759839,0.0394698753031629,0.0113765678715604,0.0999999999999996
787,26.6520589149591,0.0167558449735508,-0.13871778907522,0
788,27.9724980254143,-0.0142291878268805,-0.0769778616781609,0
789,26.5864006285542,-0.0625322433587787,0.0289026932827373,0.199999999999999
790,27.7988364294254,0.075118154426483,-0.0377008844353594,0.0999999999999996
791,27.7225122688809,0.0540940353833516,0.0409321412778501,0.0999999999999996
792,27.1781661315113,0.00405032322868467,-0.032428385544228,-0.0999999999999996
793,27.3188817960644,0.0340193864852289,-0.0721163704301418,0.0999999999999996
794,28.1581499099771,0.00102720401767492,-0.0534419647370147,0
795,27.9508301951625,-0.0446999452911488,-0.0638368371113752,0.0999999999999996
796,28.1641483725285,0.0364420125574654,-0.0686337153291443,0.0999999999999996
797,28.1399358876252,-0.0340826210900354,0.0665683307973076,0.300000000000001
798,27.0335278912313,0.00753834585798085,0.00452549498404443,0
799,27.0108977064913,0.0450848316464278,-0.046332974282324,0.0999999999999996
800,28.7941790140443,0.000451499986731108,-0.0701204374999875,0
801,27.6785357801019,-0.0455397091268233,-0.0277054595529849,0.199999999999999
802,27.8386973411595,-0.0595459145924061,0.0414001013066956,0.0999999999999996
803,27.3448081130123,-0.0503780199433607,-0.00545851183331847,0
804,27.9983109761121,-0.0931264297361411,-0.0254117518047595,0.0999999999999996
805,27.5322087385861,-0.0153644099467182,-0.0558751677066883,0
806,26.8595822338027,-0.103170905719507,-0.0150024875923463,0
807,27.7735465803779,0.0128851300898186,-0.0258759107794577,0
808,27.6567082189776,0.0958874381084337,-0.0952183663432256,0
809,27.4194921487494,-0.0321568183021968,0.0797620633470111,0.0999999999999996
810,28.2935882275105,0.00392351850827574,-0.0623510679062282,0
811,26.8316932067552,0.0675572626258844,0.072297581815338,0.0999999999999996
812,27.6266404813144,-0.0294951385611205,-0.0149220046863582,0.0999999999999996
813,27.5120786434741,0.0205755842398181,-0.0693135547407879,0
814,28.1300178791284,0.0160637591981741,-0.0389497174492578,0
815,27.2169905393159,-0.105295337435045,-0.100292595097518,0
816,27.7678002011559,0.0098957475458928,-0.057867949636842,0.0999999999999996
817,27.7836865674399,-0.0541481028260369,-0.0469626683002938,0
818,26.9542577311279,-0.0484589242217771,-0.0621558251848332,0
819,28.1627375504119,-0.0586766526392133,-0.010174812520682,0.0999999999999996
820,27.9051921823666,0.0202064377994478,0.00488077585213544,0.199999999999999
821,27.4203581957447,-0.0601397076813769,-0.0613948599312612,0
822,28.1512162283167,0.0335052919637579,-0.020130291972839,0
823,27.7448610571201,-0.0100372150732288,0.00193395594909685,0.0999999999999996
824,27.9874842028402,-0.0016570995277152,-0.0653834466033894,0
825,27.7085167264667,0.0105212727152265,-0.106389090909646,0
826,27.5098262593628,-0.0127615314836753,-0.118555297825275,0.0999999999999996
827,27.4289933685057,-0.0818580894996048,-0.119955234705337,0.0999999999999996
828,27.1925651011998,0.00624067028217231,0.0742502498763475,0.199999999999999
829,27.3102948374718,-0.0437119891555568,-0.0190268199075299,0.0999999999999996
830,27.2462318308931,-0.0103912964036626,-0.0181248299421904,0.0999999999999996
831,27.3976507198837,-0.0267686365864766,-0.0321780342995316,0.0999999999999996
832,27.4266685943037,-0.0246898437609252,0.00739054687192409,0
833,27.2866784145141,-0.0678732293051183,-0.110374213687873,0
834,28.0678952349437,-0.00922029857346095,-0.0221902755419354,0.199999999999999
835,28.1886412144191,0.0448965868099072,-0.0554694850354416,0
836,27.5785043757743,-0.0655824473809369,-0.00233806166217608,0.0999999999999996
837,28.0482322999941,0.0146864414510965,-0.0192637474352315,0.0999999999999996
838,27.5614732177729,-0.0593375053827239,-0.0650755140837797,0.0999999999999996
839,28.1426906242477,0.000625147781300796,-0.0682013753289991,0.199999999999999
840,27.6233695615326,0.00880267855136941,-0.00408597024236288,0
841,26.5603826868242,-0.0274302431727041,-0.0698559973883256,0.0999999999999996
842,28.1339386667321,0.0260238372799623,-0.0441578640173689,0.199999999999999
843,26.9906930620649,0.0322343214617783,-0.00825653582745564,0.199999999999999
844,27.6892289252686,-0.058870238164929,0.00303520337444035,0.0999999999999996
845,27.914608907634,-0.0110285207190386,-0.0592888224862545,0
846,28.2893876057326,-0.0569616631308241,-0.0105084773082202,0.199999999999999
847,28.0932472612202,-0.00651641087504948,-0.11305289846817,0
848,27.8059058905417,-0.00013820756363258,-0.0538513384492811,0
849,26.7833528024786,-0.00874528858511958,-0.0623127974117053,0
850,27.5365971408295,-0.0326255294266155,-0.023988447064984,0
851,28.4923626079156,-0.0747483284519028,-0.0367994177485094,0.0999999999999996
852,27.9910983044558,-0.0213723069320129,0.00981625574951311,0.0999999999999996
853,27.7616183429297,0.0254535908489942,0.00572090116871292,0.0999999999999996
854,28.1589985608308,-0.0696963313939982,0.0458343931460663,0.0999999999999996
855,27.1980074692394,-0.0695977655081509,0.0213849410505592,0.0999999999999996
856,27.9074859052344,0.107150175217298,0.0196053913514952,0
857,27.8476051328989,-0.0141736563687416,-0.0458436750862758,0.0999999999999996
858,27.4789245889494,0.0518254661956621,-0.0414274242447573,0
859,26.782244867574,-0.0771672293464573,-0.0500375785844137,0
860,28.0728424279049,-0.0239615697817863,-0.0217079476738399,0
861,27.7752218365112,-0.0336301974603337,-0.0216931765398131,0
862,27.5963505838966,-0.0908182674116994,-0.0797646759337915,0.0999999999999996
863,26.9856501004233,6.44339352919923e-05,-0.0173979932250831,0.0999999999999996
864,27.1570028107844,-0.111746960659438,-0.0763696560212805,0.199999999999999
865,27.9203482339952,-0.0774547398897226,-0.0523804161891534,0
866,27.6271864114243,-0.0102027298048756,-0.0273146018488489,0.199999999999999
867,27.1269001493383,-0.0434068033541882,-0.078797429183593,0.0999999999999996
868,27.5948490541981,-0.0372972926341789,-0.0144327304160146,0
869,28.208400007234,-0.00564073648754064,-0.063377088609653,0
870,27.8056430990276,-0.0284599689859563,0.020224062702498,0.0999999999999996
871,28.1825488497256,-0.0699969001245037,-0.0349572126359602,0.199999999999999
872,28.2416879588829,-0.0306098612500275,-0.0619432247726348,0.0999999999999996
873,28.2477467580456,-0.0248749713728741,-0.0264742439912951,0
874,28.0353115141714,0.00689589987549349,-0.0454098672257951,0.0999999999999996
875,27.4392919124146,-0.0169538285782827,-0.0753496228603418,0
876,28.2152019727211,0.00310442578565391,-0.0851222767174112,-0.0999999999999996
877,28.1327038936228,0.00205946406595103,-0.0425101083274104,0
878,27.5693756999732,-0.0858338901099426,0.0149602364428743,0.0999999999999996
879,27.6922537978428,0.03214027302887,-0.0721508361796926,0
880,27.9654996147332,-0.0652332244460606,-0.0368027411959656,0.0999999999999996
881,28.0262031687212,-0.000947644736701259,-0.0125418690149617,0.0999999999999996
882,27.2994496162379,-0.00424305953098762,-0.0122079367913749,0.0999999999999996
883,27.0428062843447,-0.0664518425945925,0.00146336573994308,0.0999999999999996
884,27.5704368895825,-0.00867556787943877,-0.0474915964397091,0.0999999999999996
885,27.3894977269714,-0.00603233165046241,-0.0591060047482354,0.0999999999999996
886,27.7294067562311,0.0110852477322079,-0.0149548162537521,0.0999999999999996
887,28.0168212697658,0.0357801578207164,-0.0351606313445486,0
888,26.9423697778898,0.0316392922208468,0.00976125049992363,0.0999999999999996
889,28.0780334395881,-0.0396068110379264,0.0150913770489212,0.199999999999999
890,27.5057034378523,0.00520365392347823,-0.0233429050019188,0.0999999999999996
891,27.6731676798731,-0.0591525353647468,-0.00652176762247987,0.0999999999999996
892,27.6213337353683,-0.0388904411570921,-0.00878789602303443,0.0999999999999996
893,27.6931270914047,0.000253135491614894,-0.065949596865811,0
894,27.0666620173722,-0.0387369686974945,-0.0821011577204114,0
895,27.9088709314422,-0.00229343464531969,0.0422350860308305,0.199999999999999
896,27.2573121631895,-0.0508500000107048,-0.0474330691993937,0
897,27.6136706949357,0.0351750824854083,-0.0340454616522717,0.0999999999999996
898,27.9043512046833,-0.0536933179388287,-0.00650469204032777,0.0999999999999996
899,28.4163611413197,0.0448522830861684,-0.0218857615685796,0.0999999999999996
900,27.5981613550837,-0.0846798744582126,0.00735681410847554,0.0999999999999996
901,27.9657471071563,-0.0180586881321297,0.0105276625921117,0.0999999999999996
902,27.8596859633805,0.00640831484610546,-0.0145586751677108,0
903,28.4118067728345,0.0173971760668195,-0.0329756921417972,0
904,27.7918130173141,0.0318491659224697,-0.0191115844589501,0.0999999999999996
905,28.2321079767323,0.00386116021051738,-0.0262811546998585,0
906,27.5080442088881,-0.02334150112065,-0.0515586589436137,0
907,28.1450290190142,-0.0196042999038874,-0.0250002205094796,0
908,27.7219885172145,0.0292650880922702,-0.0498758370083594,0
909,28.2408558417266,-0.0243061606311548,-0.0536236578694549,0
910,28.1355741610771,0.0593825274616425,-0.00498452197963626,0
911,27.4209646639166,0.00595675081228133,-0.0455986553278098,0
912,28.4033840173299,-0.00801102797413253,-0.00775598377562347,0.0999999999999996
913,27.4846254648397,-0.0617902404270901,-0.0538904278779528,0.0999999999999996
914,27.3944546445023,0.000410940907172059,0.00576928336954117,0
915,27.8992588609163,-0.0476122743317124,0.0193605720743408,0.0999999999999996
916,27.1327831879391,0.00250353547025948,-0.0624010920878278,0.0999999999999996
917,27.8826175442265,-0.000805179949081084,-0.0278818211590556,0
918,27.4637153474929,0.0125009999843286,0.00316947663121577,0.0999999999999996
919,27.9609257474297,-0.00865247281107121,-0.0267568361840305,0.0999999999999996
920,27.8050281549912,0.00229064944673403,4.26727156373992e-05,0.0999999999999996
921,27.6486197856425,-0.00576763518782777,0.00770879185509644,0.199999999999999
922,27.575451696651,-0.0568832429639459,-0.0679914370947777,0
923,28.0714979056266,-0.0370322887443996,-0.0512755351598753,0.0999999999999996
924,27.8484405072988,0.0172026168696258,-0.0356516094157809,0.199999999999999
925,28.0798110305683,0.0402175675608182,-0.0520362108133938,0
926,27.4354833567141,0.0128458342214249,-0.0150514896881512,0.0999999999999996
927,27.9529333668348,-0.0225366580469443,-0.013957642881253,0.0999999999999996
928,26.9039356215287,-0.0178883448333443,0.00490761357611173,0.199999999999999
929,27.8140012282281,-0.0168841803103873,-0.0310521121668762,0.0999999999999996
930,27.781157483435,-0.0124501075400917,-0.043907467744307,0
931,27.1350517612463,0.0317474027798102,-0.0424702232033912,0.0999999999999996
932,27.3558013600217,0.0019716738067686,-0.0199704130939261,0
933,27.8148718482908,0.0179808145637045,-0.0250117845695529,0
934,27.8268755974556,0.00163720555666017,-0.0364946948641102,0
935,27.7541599935,-0.0355911839723805,0.000514132135208304,0.0999999999999996
936,27.8443559864673,0.00871410255407148,-0.0471528792759806,0
937,27.4816450742216,0.00775726573154453,-0.0179776866617818,0.0999999999999996
938,27.8834602019016,-0.0137741455356304,-0.0263964541618247,0.0999999999999996
939,27.864663334394,-0.023401230042578,-0.0059427790761633,0.0999999999999996
940,27.9653543588743,-0.0455310106493118,-0.0251180904285926,0
941,27.4722534944985,-0.0283894134072031,-0.00560638145482623,0.0999999999999996
942,28.0398224688098,-0.0363097006474372,-0.0228301741536752,0.0999999999999996
943,27.5986812499596,-0.00896536374442423,-0.0341718716895274,0.0999999999999996
944,28.1299582278983,-0.00435686335975383,-0.0150168127136134,0.0999999999999996
945,27.461775895084,-0.00443576720488121,-0.0381737989457291,0
946,27.4670523298915,-0.00507477009680359,-0.0432962892203942,0.0999999999999996
947,27.6570412529446,-0.00223142504003827,-0.0288548925035474,0.0999999999999996
948,27.7761262385909,0.00155905484197463,-0.0298425636622592,0.0999999999999996
949,27.814882937849,0.0109783456138313,-0.033433198107204,0
950,27.7216840584063,0.00548499998917338,-0.0140581578984205,0
951,27.682105330623,0.0280043112369098,-0.0477869926428545,0
952,28.1012608642005,-0.0113393907686579,-0.071222447481064,0
953,27.6464731216362,-0.0596628205763134,-0.0176319631731953,0.199999999999999
954,28.01437537714,-0.0107005985486692,-0.0456023421410401,0.0999999999999996
955,27.6143042918762,0.034365952868061,-0.0404616475408614,0.0999999999999996
956,28.0041097914732,0.0116503660989048,-0.0258249372417723,0
957,27.8402532825839,-0.0445197706511992,-0.00734587205084678,0.0999999999999996
958,27.6427798910271,0.0405921289050829,-0.0208377996899391,0.0999999999999996
959,27.6944118036081,0.00282948799993312,-0.0157324059976401,0.0999999999999996
960,27.5780513361314,-0.000699791680898917,-0.0477912343765929,0
961,28.0119772937133,-0.00618614777284166,-0.00819863298806059,0.0999999999999996
962,27.5355582990731,-0.0217404366021817,-0.0441896881524254,0
963,27.4964096940416,0.0197036863832378,-0.0616982035324596,0
964,27.6163185479295,-0.0236836607996485,-0.0147683785295113,0.0999999999999996
965,27.5694289436289,0.00198862900445471,-0.0151910861155774,0.0999999999999996
966,28.1963848982589,0.0112170170700703,-0.0361999931185287,0.0999999999999996
967,27.7841293941487,0.00155518044643096,0.00131912595433575,0.0999999999999996
968,27.7363255522543,-0.0211279901971433,-0.024655378307286,0.0999999999999996
969,27.7316200898282,-0.0491551868037028,-0.0441463874130153,0.0999999999999996
970,27.6421165233783,-0.0486420159913835,-0.0496578868585338,0.0999999999999996
971,27.6602179749763,-0.00715149331839633,-0.048995587028293,0
972,27.7686943744075,-0.010723100834447,-0.0262072716594072,0.0999999999999996
973,27.0963015057465,0.0207889732646239,-0.027385460844595,0.0999999999999996
974,27.6997814288789,-0.01840890144752,-0.0237266469228086,0.0999999999999996
975,27.7275986820673,0.0025126666561193,-0.030794723080327,0
976,27.8377400155329,-0.0290786342333528,-0.0370961566105712,0.0999999999999996
977,27.8749192510578,-0.000756896123959439,-0.0134034776911274,0.0999999999999996
978,27.8159585904404,0.00375505060127025,-0.0127109450435341,0.0999999999999996
979,27.6917300162406,0.010474906014806,-0.0159510325365904,0.0999999999999996
980,27.957234199613,0.00866005100700635,-0.0429665918405428,0
981,27.4656326528781,-0.00112497452775891,-0.0224542864441608,0
982,27.7553525115312,-0.0159757785249772,-0.0325008092698791,0.0999999999999996
983,27.768551271112,0.0157255167750504,-0.0244648307757096,0.0999999999999996
984,27.7310115303121,-0.0062056641363095,-0.037022833741786,0.0999999999999996
985,27.6555712243161,-0.0249893086388548,-0.0273198180738134,0.0999999999999996
986,27.7405920646166,0.00894732554517327,-0.0376418331673663,0.0999999999999996
987,27.6517152062409,-0.0143141180443218,-0.00291475795659705,0.0999999999999996
988,27.5963052975739,-0.0106135430281138,-0.00821420718983196,0.0999999999999996
989,27.6994033993539,-0.0231872088076568,-0.00618418417913259,0.0999999999999996
990,27.8439067401281,-0.0133375636482522,-0.017063304396559,0.0999999999999996
991,27.6790837987176,0.00248724065473843,-0.0427503467738679,0.0999999999999996
992,27.792618366797,-0.0162778891240934,-0.0254659564533346,0.0999999999999996
993,27.7263962568346,-0.0102941102833392,-0.0120989751800028,0.0999999999999996
994,27.6509714364258,-0.00805020474061023,-0.0342147661497627,0.0999999999999996
995,27.7410607291331,0.00340095476301474,-0.0313935125656835,0
996,27.7962090547503,-0.00855842119581884,-0.0231504466894314,0.0999999999999996
997,27.7117703400708,-0.0205149067325732,-0.0230418603839725,0.0999999999999996
998,27.7240049098162,-0.00548120742674591,-0.0264664855739414,0.0999999999999996
999,27.7429111070373,-0.0102805600714742,-0.0237473343371608,0.0999999999999996
